station_id,minute,timestamp,type,value,unit,lat,lon,provenance
S01,-1440,2024-08-02T09:00:00+08:00,soil_moisture,43.947,%,30.137,102.19,simulated
S01,-1435,2024-08-02T09:05:00+08:00,soil_moisture,44.242,%,30.137,102.19,simulated
S01,-1430,2024-08-02T09:10:00+08:00,soil_moisture,45.44,%,30.137,102.19,simulated
S01,-1425,2024-08-02T09:15:00+08:00,soil_moisture,45.226,%,30.137,102.19,simulated
S01,-1420,2024-08-02T09:20:00+08:00,soil_moisture,44.68,%,30.137,102.19,simulated
S01,-1415,2024-08-02T09:25:00+08:00,soil_moisture,43.864,%,30.137,102.19,simulated
S01,-1410,2024-08-02T09:30:00+08:00,soil_moisture,44.646,%,30.137,102.19,simulated
S01,-1405,2024-08-02T09:35:00+08:00,soil_moisture,46.014,%,30.137,102.19,simulated
S01,-1400,2024-08-02T09:40:00+08:00,soil_moisture,45.13,%,30.137,102.19,simulated
S01,-1395,2024-08-02T09:45:00+08:00,soil_moisture,45.219,%,30.137,102.19,simulated
S01,-1390,2024-08-02T09:50:00+08:00,soil_moisture,44.273,%,30.137,102.19,simulated
S01,-1385,2024-08-02T09:55:00+08:00,soil_moisture,45.785,%,30.137,102.19,simulated
S01,-1380,2024-08-02T10:00:00+08:00,soil_moisture,44.178,%,30.137,102.19,simulated
S01,-1375,2024-08-02T10:05:00+08:00,soil_moisture,45.492,%,30.137,102.19,simulated
S01,-1370,2024-08-02T10:10:00+08:00,soil_moisture,45.166,%,30.137,102.19,simulated
S01,-1365,2024-08-02T10:15:00+08:00,soil_moisture,44.035,%,30.137,102.19,simulated
S01,-1360,2024-08-02T10:20:00+08:00,soil_moisture,45.337,%,30.137,102.19,simulated
S01,-1355,2024-08-02T10:25:00+08:00,soil_moisture,45.76,%,30.137,102.19,simulated
S01,-1350,2024-08-02T10:30:00+08:00,soil_moisture,45.595,%,30.137,102.19,simulated
S01,-1345,2024-08-02T10:35:00+08:00,soil_moisture,45.403,%,30.137,102.19,simulated
S01,-1340,2024-08-02T10:40:00+08:00,soil_moisture,44.973,%,30.137,102.19,simulated
S01,-1335,2024-08-02T10:45:00+08:00,soil_moisture,44.811,%,30.137,102.19,simulated
S01,-1330,2024-08-02T10:50:00+08:00,soil_moisture,46.06,%,30.137,102.19,simulated
S01,-1325,2024-08-02T10:55:00+08:00,soil_moisture,44.888,%,30.137,102.19,simulated
S01,-1320,2024-08-02T11:00:00+08:00,soil_moisture,44.429,%,30.137,102.19,simulated
S01,-1315,2024-08-02T11:05:00+08:00,soil_moisture,45.03,%,30.137,102.19,simulated
S01,-1310,2024-08-02T11:10:00+08:00,soil_moisture,44.555,%,30.137,102.19,simulated
S01,-1305,2024-08-02T11:15:00+08:00,soil_moisture,44.802,%,30.137,102.19,simulated
S01,-1300,2024-08-02T11:20:00+08:00,soil_moisture,44.87,%,30.137,102.19,simulated
S01,-1295,2024-08-02T11:25:00+08:00,soil_moisture,45.27,%,30.137,102.19,simulated
S01,-1290,2024-08-02T11:30:00+08:00,soil_moisture,45.238,%,30.137,102.19,simulated
S01,-1285,2024-08-02T11:35:00+08:00,soil_moisture,45.107,%,30.137,102.19,simulated
S01,-1280,2024-08-02T11:40:00+08:00,soil_moisture,44.748,%,30.137,102.19,simulated
S01,-1275,2024-08-02T11:45:00+08:00,soil_moisture,45.015,%,30.137,102.19,simulated
S01,-1270,2024-08-02T11:50:00+08:00,soil_moisture,44.919,%,30.137,102.19,simulated
S01,-1265,2024-08-02T11:55:00+08:00,soil_moisture,44.446,%,30.137,102.19,simulated
S01,-1260,2024-08-02T12:00:00+08:00,soil_moisture,45.022,%,30.137,102.19,simulated
S01,-1255,2024-08-02T12:05:00+08:00,soil_moisture,44.013,%,30.137,102.19,simulated
S01,-1250,2024-08-02T12:10:00+08:00,soil_moisture,45.468,%,30.137,102.19,simulated
S01,-1245,2024-08-02T12:15:00+08:00,soil_moisture,44.704,%,30.137,102.19,simulated
S01,-1240,2024-08-02T12:20:00+08:00,soil_moisture,45.347,%,30.137,102.19,simulated
S01,-1235,2024-08-02T12:25:00+08:00,soil_moisture,45.632,%,30.137,102.19,simulated
S01,-1230,2024-08-02T12:30:00+08:00,soil_moisture,45.675,%,30.137,102.19,simulated
S01,-1225,2024-08-02T12:35:00+08:00,soil_moisture,45.085,%,30.137,102.19,simulated
S01,-1220,2024-08-02T12:40:00+08:00,soil_moisture,45.483,%,30.137,102.19,simulated
S01,-1215,2024-08-02T12:45:00+08:00,soil_moisture,46.064,%,30.137,102.19,simulated
S01,-1210,2024-08-02T12:50:00+08:00,soil_moisture,45.582,%,30.137,102.19,simulated
S01,-1205,2024-08-02T12:55:00+08:00,soil_moisture,44.5,%,30.137,102.19,simulated
S01,-1200,2024-08-02T13:00:00+08:00,soil_moisture,45.478,%,30.137,102.19,simulated
S01,-1195,2024-08-02T13:05:00+08:00,soil_moisture,44.602,%,30.137,102.19,simulated
S01,-1190,2024-08-02T13:10:00+08:00,soil_moisture,46.072,%,30.137,102.19,simulated
S01,-1185,2024-08-02T13:15:00+08:00,soil_moisture,44.902,%,30.137,102.19,simulated
S01,-1180,2024-08-02T13:20:00+08:00,soil_moisture,45.266,%,30.137,102.19,simulated
S01,-1175,2024-08-02T13:25:00+08:00,soil_moisture,44.711,%,30.137,102.19,simulated
S01,-1170,2024-08-02T13:30:00+08:00,soil_moisture,45.379,%,30.137,102.19,simulated
S01,-1165,2024-08-02T13:35:00+08:00,soil_moisture,44.29,%,30.137,102.19,simulated
S01,-1160,2024-08-02T13:40:00+08:00,soil_moisture,44.764,%,30.137,102.19,simulated
S01,-1155,2024-08-02T13:45:00+08:00,soil_moisture,44.363,%,30.137,102.19,simulated
S01,-1150,2024-08-02T13:50:00+08:00,soil_moisture,44.914,%,30.137,102.19,simulated
S01,-1145,2024-08-02T13:55:00+08:00,soil_moisture,45.491,%,30.137,102.19,simulated
S01,-1140,2024-08-02T14:00:00+08:00,soil_moisture,44.968,%,30.137,102.19,simulated
S01,-1135,2024-08-02T14:05:00+08:00,soil_moisture,45.353,%,30.137,102.19,simulated
S01,-1130,2024-08-02T14:10:00+08:00,soil_moisture,45.891,%,30.137,102.19,simulated
S01,-1125,2024-08-02T14:15:00+08:00,soil_moisture,45.253,%,30.137,102.19,simulated
S01,-1120,2024-08-02T14:20:00+08:00,soil_moisture,44.795,%,30.137,102.19,simulated
S01,-1115,2024-08-02T14:25:00+08:00,soil_moisture,46.196,%,30.137,102.19,simulated
S01,-1110,2024-08-02T14:30:00+08:00,soil_moisture,44.708,%,30.137,102.19,simulated
S01,-1105,2024-08-02T14:35:00+08:00,soil_moisture,44.397,%,30.137,102.19,simulated
S01,-1100,2024-08-02T14:40:00+08:00,soil_moisture,45.221,%,30.137,102.19,simulated
S01,-1095,2024-08-02T14:45:00+08:00,soil_moisture,44.639,%,30.137,102.19,simulated
S01,-1090,2024-08-02T14:50:00+08:00,soil_moisture,44.028,%,30.137,102.19,simulated
S01,-1085,2024-08-02T14:55:00+08:00,soil_moisture,45.182,%,30.137,102.19,simulated
S01,-1080,2024-08-02T15:00:00+08:00,soil_moisture,44.633,%,30.137,102.19,simulated
S01,-1075,2024-08-02T15:05:00+08:00,soil_moisture,44.664,%,30.137,102.19,simulated
S01,-1070,2024-08-02T15:10:00+08:00,soil_moisture,44.807,%,30.137,102.19,simulated
S01,-1065,2024-08-02T15:15:00+08:00,soil_moisture,45.082,%,30.137,102.19,simulated
S01,-1060,2024-08-02T15:20:00+08:00,soil_moisture,46.23,%,30.137,102.19,simulated
S01,-1055,2024-08-02T15:25:00+08:00,soil_moisture,44.931,%,30.137,102.19,simulated
S01,-1050,2024-08-02T15:30:00+08:00,soil_moisture,45.173,%,30.137,102.19,simulated
S01,-1045,2024-08-02T15:35:00+08:00,soil_moisture,45.888,%,30.137,102.19,simulated
S01,-1040,2024-08-02T15:40:00+08:00,soil_moisture,44.502,%,30.137,102.19,simulated
S01,-1035,2024-08-02T15:45:00+08:00,soil_moisture,45.024,%,30.137,102.19,simulated
S01,-1030,2024-08-02T15:50:00+08:00,soil_moisture,45.851,%,30.137,102.19,simulated
S01,-1025,2024-08-02T15:55:00+08:00,soil_moisture,45.229,%,30.137,102.19,simulated
S01,-1020,2024-08-02T16:00:00+08:00,soil_moisture,45.601,%,30.137,102.19,simulated
S01,-1015,2024-08-02T16:05:00+08:00,soil_moisture,45.719,%,30.137,102.19,simulated
S01,-1010,2024-08-02T16:10:00+08:00,soil_moisture,45.774,%,30.137,102.19,simulated
S01,-1005,2024-08-02T16:15:00+08:00,soil_moisture,45.125,%,30.137,102.19,simulated
S01,-1000,2024-08-02T16:20:00+08:00,soil_moisture,44.94,%,30.137,102.19,simulated
S01,-995,2024-08-02T16:25:00+08:00,soil_moisture,45.179,%,30.137,102.19,simulated
S01,-990,2024-08-02T16:30:00+08:00,soil_moisture,44.853,%,30.137,102.19,simulated
S01,-985,2024-08-02T16:35:00+08:00,soil_moisture,44.618,%,30.137,102.19,simulated
S01,-980,2024-08-02T16:40:00+08:00,soil_moisture,45.033,%,30.137,102.19,simulated
S01,-975,2024-08-02T16:45:00+08:00,soil_moisture,45.488,%,30.137,102.19,simulated
S01,-970,2024-08-02T16:50:00+08:00,soil_moisture,44.361,%,30.137,102.19,simulated
S01,-965,2024-08-02T16:55:00+08:00,soil_moisture,44.964,%,30.137,102.19,simulated
S01,-960,2024-08-02T17:00:00+08:00,soil_moisture,44.547,%,30.137,102.19,simulated
S01,-955,2024-08-02T17:05:00+08:00,soil_moisture,44.343,%,30.137,102.19,simulated
S01,-950,2024-08-02T17:10:00+08:00,soil_moisture,45.751,%,30.137,102.19,simulated
S01,-945,2024-08-02T17:15:00+08:00,soil_moisture,45.316,%,30.137,102.19,simulated
S01,-940,2024-08-02T17:20:00+08:00,soil_moisture,44.914,%,30.137,102.19,simulated
S01,-935,2024-08-02T17:25:00+08:00,soil_moisture,44.61,%,30.137,102.19,simulated
S01,-930,2024-08-02T17:30:00+08:00,soil_moisture,45.192,%,30.137,102.19,simulated
S01,-925,2024-08-02T17:35:00+08:00,soil_moisture,44.966,%,30.137,102.19,simulated
S01,-920,2024-08-02T17:40:00+08:00,soil_moisture,44.981,%,30.137,102.19,simulated
S01,-915,2024-08-02T17:45:00+08:00,soil_moisture,45.355,%,30.137,102.19,simulated
S01,-910,2024-08-02T17:50:00+08:00,soil_moisture,46.325,%,30.137,102.19,simulated
S01,-905,2024-08-02T17:55:00+08:00,soil_moisture,44.244,%,30.137,102.19,simulated
S01,-900,2024-08-02T18:00:00+08:00,soil_moisture,45.593,%,30.137,102.19,simulated
S01,-895,2024-08-02T18:05:00+08:00,soil_moisture,44.144,%,30.137,102.19,simulated
S01,-890,2024-08-02T18:10:00+08:00,soil_moisture,45.695,%,30.137,102.19,simulated
S01,-885,2024-08-02T18:15:00+08:00,soil_moisture,45.062,%,30.137,102.19,simulated
S01,-880,2024-08-02T18:20:00+08:00,soil_moisture,44.596,%,30.137,102.19,simulated
S01,-875,2024-08-02T18:25:00+08:00,soil_moisture,44.087,%,30.137,102.19,simulated
S01,-870,2024-08-02T18:30:00+08:00,soil_moisture,45.339,%,30.137,102.19,simulated
S01,-865,2024-08-02T18:35:00+08:00,soil_moisture,44.45,%,30.137,102.19,simulated
S01,-860,2024-08-02T18:40:00+08:00,soil_moisture,45.153,%,30.137,102.19,simulated
S01,-855,2024-08-02T18:45:00+08:00,soil_moisture,44.782,%,30.137,102.19,simulated
S01,-850,2024-08-02T18:50:00+08:00,soil_moisture,45.151,%,30.137,102.19,simulated
S01,-845,2024-08-02T18:55:00+08:00,soil_moisture,44.661,%,30.137,102.19,simulated
S01,-840,2024-08-02T19:00:00+08:00,soil_moisture,44.078,%,30.137,102.19,simulated
S01,-835,2024-08-02T19:05:00+08:00,soil_moisture,45.38,%,30.137,102.19,simulated
S01,-830,2024-08-02T19:10:00+08:00,soil_moisture,44.356,%,30.137,102.19,simulated
S01,-825,2024-08-02T19:15:00+08:00,soil_moisture,45.325,%,30.137,102.19,simulated
S01,-820,2024-08-02T19:20:00+08:00,soil_moisture,44.88,%,30.137,102.19,simulated
S01,-815,2024-08-02T19:25:00+08:00,soil_moisture,44.266,%,30.137,102.19,simulated
S01,-810,2024-08-02T19:30:00+08:00,soil_moisture,44.658,%,30.137,102.19,simulated
S01,-805,2024-08-02T19:35:00+08:00,soil_moisture,43.644,%,30.137,102.19,simulated
S01,-800,2024-08-02T19:40:00+08:00,soil_moisture,45.674,%,30.137,102.19,simulated
S01,-795,2024-08-02T19:45:00+08:00,soil_moisture,44.121,%,30.137,102.19,simulated
S01,-790,2024-08-02T19:50:00+08:00,soil_moisture,44.614,%,30.137,102.19,simulated
S01,-785,2024-08-02T19:55:00+08:00,soil_moisture,45.581,%,30.137,102.19,simulated
S01,-780,2024-08-02T20:00:00+08:00,soil_moisture,44.576,%,30.137,102.19,simulated
S01,-775,2024-08-02T20:05:00+08:00,soil_moisture,44.453,%,30.137,102.19,simulated
S01,-770,2024-08-02T20:10:00+08:00,soil_moisture,45.626,%,30.137,102.19,simulated
S01,-765,2024-08-02T20:15:00+08:00,soil_moisture,46.226,%,30.137,102.19,simulated
S01,-760,2024-08-02T20:20:00+08:00,soil_moisture,44.409,%,30.137,102.19,simulated
S01,-755,2024-08-02T20:25:00+08:00,soil_moisture,44.987,%,30.137,102.19,simulated
S01,-750,2024-08-02T20:30:00+08:00,soil_moisture,45.327,%,30.137,102.19,simulated
S01,-745,2024-08-02T20:35:00+08:00,soil_moisture,46.575,%,30.137,102.19,simulated
S01,-740,2024-08-02T20:40:00+08:00,soil_moisture,44.536,%,30.137,102.19,simulated
S01,-735,2024-08-02T20:45:00+08:00,soil_moisture,43.417,%,30.137,102.19,simulated
S01,-730,2024-08-02T20:50:00+08:00,soil_moisture,45.225,%,30.137,102.19,simulated
S01,-725,2024-08-02T20:55:00+08:00,soil_moisture,45.506,%,30.137,102.19,simulated
S01,-720,2024-08-02T21:00:00+08:00,soil_moisture,45.443,%,30.137,102.19,simulated
S01,-715,2024-08-02T21:05:00+08:00,soil_moisture,44.179,%,30.137,102.19,simulated
S01,-710,2024-08-02T21:10:00+08:00,soil_moisture,45.746,%,30.137,102.19,simulated
S01,-705,2024-08-02T21:15:00+08:00,soil_moisture,44.878,%,30.137,102.19,simulated
S01,-700,2024-08-02T21:20:00+08:00,soil_moisture,44.032,%,30.137,102.19,simulated
S01,-695,2024-08-02T21:25:00+08:00,soil_moisture,45.654,%,30.137,102.19,simulated
S01,-690,2024-08-02T21:30:00+08:00,soil_moisture,45.349,%,30.137,102.19,simulated
S01,-685,2024-08-02T21:35:00+08:00,soil_moisture,45.112,%,30.137,102.19,simulated
S01,-680,2024-08-02T21:40:00+08:00,soil_moisture,46.531,%,30.137,102.19,simulated
S01,-675,2024-08-02T21:45:00+08:00,soil_moisture,45.244,%,30.137,102.19,simulated
S01,-670,2024-08-02T21:50:00+08:00,soil_moisture,43.574,%,30.137,102.19,simulated
S01,-665,2024-08-02T21:55:00+08:00,soil_moisture,45.771,%,30.137,102.19,simulated
S01,-660,2024-08-02T22:00:00+08:00,soil_moisture,45.239,%,30.137,102.19,simulated
S01,-655,2024-08-02T22:05:00+08:00,soil_moisture,43.648,%,30.137,102.19,simulated
S01,-650,2024-08-02T22:10:00+08:00,soil_moisture,44.348,%,30.137,102.19,simulated
S01,-645,2024-08-02T22:15:00+08:00,soil_moisture,44.821,%,30.137,102.19,simulated
S01,-640,2024-08-02T22:20:00+08:00,soil_moisture,44.401,%,30.137,102.19,simulated
S01,-635,2024-08-02T22:25:00+08:00,soil_moisture,45.289,%,30.137,102.19,simulated
S01,-630,2024-08-02T22:30:00+08:00,soil_moisture,45.628,%,30.137,102.19,simulated
S01,-625,2024-08-02T22:35:00+08:00,soil_moisture,45.431,%,30.137,102.19,simulated
S01,-620,2024-08-02T22:40:00+08:00,soil_moisture,46.527,%,30.137,102.19,simulated
S01,-615,2024-08-02T22:45:00+08:00,soil_moisture,43.913,%,30.137,102.19,simulated
S01,-610,2024-08-02T22:50:00+08:00,soil_moisture,45.368,%,30.137,102.19,simulated
S01,-605,2024-08-02T22:55:00+08:00,soil_moisture,44.828,%,30.137,102.19,simulated
S01,-600,2024-08-02T23:00:00+08:00,soil_moisture,44.563,%,30.137,102.19,simulated
S01,-595,2024-08-02T23:05:00+08:00,soil_moisture,45.224,%,30.137,102.19,simulated
S01,-590,2024-08-02T23:10:00+08:00,soil_moisture,45.022,%,30.137,102.19,simulated
S01,-585,2024-08-02T23:15:00+08:00,soil_moisture,45.496,%,30.137,102.19,simulated
S01,-580,2024-08-02T23:20:00+08:00,soil_moisture,44.808,%,30.137,102.19,simulated
S01,-575,2024-08-02T23:25:00+08:00,soil_moisture,45.27,%,30.137,102.19,simulated
S01,-570,2024-08-02T23:30:00+08:00,soil_moisture,45.847,%,30.137,102.19,simulated
S01,-565,2024-08-02T23:35:00+08:00,soil_moisture,44.63,%,30.137,102.19,simulated
S01,-560,2024-08-02T23:40:00+08:00,soil_moisture,45.287,%,30.137,102.19,simulated
S01,-555,2024-08-02T23:45:00+08:00,soil_moisture,45.688,%,30.137,102.19,simulated
S01,-550,2024-08-02T23:50:00+08:00,soil_moisture,45.147,%,30.137,102.19,simulated
S01,-545,2024-08-02T23:55:00+08:00,soil_moisture,45.713,%,30.137,102.19,simulated
S01,-540,2024-08-03T00:00:00+08:00,soil_moisture,45.247,%,30.137,102.19,simulated
S01,-535,2024-08-03T00:05:00+08:00,soil_moisture,45.045,%,30.137,102.19,simulated
S01,-530,2024-08-03T00:10:00+08:00,soil_moisture,45.202,%,30.137,102.19,simulated
S01,-525,2024-08-03T00:15:00+08:00,soil_moisture,45.394,%,30.137,102.19,simulated
S01,-520,2024-08-03T00:20:00+08:00,soil_moisture,45.261,%,30.137,102.19,simulated
S01,-515,2024-08-03T00:25:00+08:00,soil_moisture,44.288,%,30.137,102.19,simulated
S01,-510,2024-08-03T00:30:00+08:00,soil_moisture,45.205,%,30.137,102.19,simulated
S01,-505,2024-08-03T00:35:00+08:00,soil_moisture,43.927,%,30.137,102.19,simulated
S01,-500,2024-08-03T00:40:00+08:00,soil_moisture,44.903,%,30.137,102.19,simulated
S01,-495,2024-08-03T00:45:00+08:00,soil_moisture,45.216,%,30.137,102.19,simulated
S01,-490,2024-08-03T00:50:00+08:00,soil_moisture,44.477,%,30.137,102.19,simulated
S01,-485,2024-08-03T00:55:00+08:00,soil_moisture,44.95,%,30.137,102.19,simulated
S01,-480,2024-08-03T01:00:00+08:00,soil_moisture,43.934,%,30.137,102.19,simulated
S01,-475,2024-08-03T01:05:00+08:00,soil_moisture,45.225,%,30.137,102.19,simulated
S01,-470,2024-08-03T01:10:00+08:00,soil_moisture,45.358,%,30.137,102.19,simulated
S01,-465,2024-08-03T01:15:00+08:00,soil_moisture,44.264,%,30.137,102.19,simulated
S01,-460,2024-08-03T01:20:00+08:00,soil_moisture,44.513,%,30.137,102.19,simulated
S01,-455,2024-08-03T01:25:00+08:00,soil_moisture,44.372,%,30.137,102.19,simulated
S01,-450,2024-08-03T01:30:00+08:00,soil_moisture,44.658,%,30.137,102.19,simulated
S01,-445,2024-08-03T01:35:00+08:00,soil_moisture,43.817,%,30.137,102.19,simulated
S01,-440,2024-08-03T01:40:00+08:00,soil_moisture,45.457,%,30.137,102.19,simulated
S01,-435,2024-08-03T01:45:00+08:00,soil_moisture,44.971,%,30.137,102.19,simulated
S01,-430,2024-08-03T01:50:00+08:00,soil_moisture,45.168,%,30.137,102.19,simulated
S01,-425,2024-08-03T01:55:00+08:00,soil_moisture,44.768,%,30.137,102.19,simulated
S01,-420,2024-08-03T02:00:00+08:00,soil_moisture,46.213,%,30.137,102.19,simulated
S01,-415,2024-08-03T02:05:00+08:00,soil_moisture,44.95,%,30.137,102.19,simulated
S01,-410,2024-08-03T02:10:00+08:00,soil_moisture,45.528,%,30.137,102.19,simulated
S01,-405,2024-08-03T02:15:00+08:00,soil_moisture,44.925,%,30.137,102.19,simulated
S01,-400,2024-08-03T02:20:00+08:00,soil_moisture,45.974,%,30.137,102.19,simulated
S01,-395,2024-08-03T02:25:00+08:00,soil_moisture,45.035,%,30.137,102.19,simulated
S01,-390,2024-08-03T02:30:00+08:00,soil_moisture,45.233,%,30.137,102.19,simulated
S01,-385,2024-08-03T02:35:00+08:00,soil_moisture,44.493,%,30.137,102.19,simulated
S01,-380,2024-08-03T02:40:00+08:00,soil_moisture,45.573,%,30.137,102.19,simulated
S01,-375,2024-08-03T02:45:00+08:00,soil_moisture,44.748,%,30.137,102.19,simulated
S01,-370,2024-08-03T02:50:00+08:00,soil_moisture,45.632,%,30.137,102.19,simulated
S01,-365,2024-08-03T02:55:00+08:00,soil_moisture,44.996,%,30.137,102.19,simulated
S01,-360,2024-08-03T03:00:00+08:00,soil_moisture,44.993,%,30.137,102.19,simulated
S01,-355,2024-08-03T03:05:00+08:00,soil_moisture,44.356,%,30.137,102.19,simulated
S01,-350,2024-08-03T03:10:00+08:00,soil_moisture,44.887,%,30.137,102.19,simulated
S01,-345,2024-08-03T03:15:00+08:00,soil_moisture,46.244,%,30.137,102.19,simulated
S01,-340,2024-08-03T03:20:00+08:00,soil_moisture,44.695,%,30.137,102.19,simulated
S01,-335,2024-08-03T03:25:00+08:00,soil_moisture,44.786,%,30.137,102.19,simulated
S01,-330,2024-08-03T03:30:00+08:00,soil_moisture,43.792,%,30.137,102.19,simulated
S01,-325,2024-08-03T03:35:00+08:00,soil_moisture,45.163,%,30.137,102.19,simulated
S01,-320,2024-08-03T03:40:00+08:00,soil_moisture,44.906,%,30.137,102.19,simulated
S01,-315,2024-08-03T03:45:00+08:00,soil_moisture,44.831,%,30.137,102.19,simulated
S01,-310,2024-08-03T03:50:00+08:00,soil_moisture,45.296,%,30.137,102.19,simulated
S01,-305,2024-08-03T03:55:00+08:00,soil_moisture,45.988,%,30.137,102.19,simulated
S01,-300,2024-08-03T04:00:00+08:00,soil_moisture,44.543,%,30.137,102.19,simulated
S01,-295,2024-08-03T04:05:00+08:00,soil_moisture,46.225,%,30.137,102.19,simulated
S01,-290,2024-08-03T04:10:00+08:00,soil_moisture,45.224,%,30.137,102.19,simulated
S01,-285,2024-08-03T04:15:00+08:00,soil_moisture,46.47,%,30.137,102.19,simulated
S01,-280,2024-08-03T04:20:00+08:00,soil_moisture,44.663,%,30.137,102.19,simulated
S01,-275,2024-08-03T04:25:00+08:00,soil_moisture,45.065,%,30.137,102.19,simulated
S01,-270,2024-08-03T04:30:00+08:00,soil_moisture,45.649,%,30.137,102.19,simulated
S01,-265,2024-08-03T04:35:00+08:00,soil_moisture,45.943,%,30.137,102.19,simulated
S01,-260,2024-08-03T04:40:00+08:00,soil_moisture,45.182,%,30.137,102.19,simulated
S01,-255,2024-08-03T04:45:00+08:00,soil_moisture,46.199,%,30.137,102.19,simulated
S01,-250,2024-08-03T04:50:00+08:00,soil_moisture,45.455,%,30.137,102.19,simulated
S01,-245,2024-08-03T04:55:00+08:00,soil_moisture,46.116,%,30.137,102.19,simulated
S01,-240,2024-08-03T05:00:00+08:00,soil_moisture,46.474,%,30.137,102.19,simulated
S01,-235,2024-08-03T05:05:00+08:00,soil_moisture,46.083,%,30.137,102.19,simulated
S01,-230,2024-08-03T05:10:00+08:00,soil_moisture,46.205,%,30.137,102.19,simulated
S01,-225,2024-08-03T05:15:00+08:00,soil_moisture,45.642,%,30.137,102.19,simulated
S01,-220,2024-08-03T05:20:00+08:00,soil_moisture,47.014,%,30.137,102.19,simulated
S01,-215,2024-08-03T05:25:00+08:00,soil_moisture,46.992,%,30.137,102.19,simulated
S01,-210,2024-08-03T05:30:00+08:00,soil_moisture,46.934,%,30.137,102.19,simulated
S01,-205,2024-08-03T05:35:00+08:00,soil_moisture,47.234,%,30.137,102.19,simulated
S01,-200,2024-08-03T05:40:00+08:00,soil_moisture,47.5,%,30.137,102.19,simulated
S01,-195,2024-08-03T05:45:00+08:00,soil_moisture,47.056,%,30.137,102.19,simulated
S01,-190,2024-08-03T05:50:00+08:00,soil_moisture,47.549,%,30.137,102.19,simulated
S01,-185,2024-08-03T05:55:00+08:00,soil_moisture,47.925,%,30.137,102.19,simulated
S01,-180,2024-08-03T06:00:00+08:00,soil_moisture,47.419,%,30.137,102.19,simulated
S01,-175,2024-08-03T06:05:00+08:00,soil_moisture,49.861,%,30.137,102.19,simulated
S01,-170,2024-08-03T06:10:00+08:00,soil_moisture,49.634,%,30.137,102.19,simulated
S01,-165,2024-08-03T06:15:00+08:00,soil_moisture,48.487,%,30.137,102.19,simulated
S01,-160,2024-08-03T06:20:00+08:00,soil_moisture,50.594,%,30.137,102.19,simulated
S01,-155,2024-08-03T06:25:00+08:00,soil_moisture,50.019,%,30.137,102.19,simulated
S01,-150,2024-08-03T06:30:00+08:00,soil_moisture,50.509,%,30.137,102.19,simulated
S01,-145,2024-08-03T06:35:00+08:00,soil_moisture,51.325,%,30.137,102.19,simulated
S01,-140,2024-08-03T06:40:00+08:00,soil_moisture,52.611,%,30.137,102.19,simulated
S01,-135,2024-08-03T06:45:00+08:00,soil_moisture,53.017,%,30.137,102.19,simulated
S01,-130,2024-08-03T06:50:00+08:00,soil_moisture,53.888,%,30.137,102.19,simulated
S01,-125,2024-08-03T06:55:00+08:00,soil_moisture,54.16,%,30.137,102.19,simulated
S01,-120,2024-08-03T07:00:00+08:00,soil_moisture,55.215,%,30.137,102.19,simulated
S01,-115,2024-08-03T07:05:00+08:00,soil_moisture,56.358,%,30.137,102.19,simulated
S01,-110,2024-08-03T07:10:00+08:00,soil_moisture,56.234,%,30.137,102.19,simulated
S01,-105,2024-08-03T07:15:00+08:00,soil_moisture,57.634,%,30.137,102.19,simulated
S01,-100,2024-08-03T07:20:00+08:00,soil_moisture,57.352,%,30.137,102.19,simulated
S01,-95,2024-08-03T07:25:00+08:00,soil_moisture,59.583,%,30.137,102.19,simulated
S01,-90,2024-08-03T07:30:00+08:00,soil_moisture,59.734,%,30.137,102.19,simulated
S01,-85,2024-08-03T07:35:00+08:00,soil_moisture,60.934,%,30.137,102.19,simulated
S01,-80,2024-08-03T07:40:00+08:00,soil_moisture,62.583,%,30.137,102.19,simulated
S01,-75,2024-08-03T07:45:00+08:00,soil_moisture,62.703,%,30.137,102.19,simulated
S01,-70,2024-08-03T07:50:00+08:00,soil_moisture,64.368,%,30.137,102.19,simulated
S01,-65,2024-08-03T07:55:00+08:00,soil_moisture,65.56,%,30.137,102.19,simulated
S01,-60,2024-08-03T08:00:00+08:00,soil_moisture,66.79,%,30.137,102.19,simulated
S01,-55,2024-08-03T08:05:00+08:00,soil_moisture,67.756,%,30.137,102.19,simulated
S01,-50,2024-08-03T08:10:00+08:00,soil_moisture,68.62,%,30.137,102.19,simulated
S01,-45,2024-08-03T08:15:00+08:00,soil_moisture,69.097,%,30.137,102.19,simulated
S01,-40,2024-08-03T08:20:00+08:00,soil_moisture,69.769,%,30.137,102.19,simulated
S01,-35,2024-08-03T08:25:00+08:00,soil_moisture,70.59,%,30.137,102.19,simulated
S01,-30,2024-08-03T08:30:00+08:00,soil_moisture,72.279,%,30.137,102.19,simulated
S01,-25,2024-08-03T08:35:00+08:00,soil_moisture,72.75,%,30.137,102.19,simulated
S01,-20,2024-08-03T08:40:00+08:00,soil_moisture,74.23,%,30.137,102.19,simulated
S01,-15,2024-08-03T08:45:00+08:00,soil_moisture,74.228,%,30.137,102.19,simulated
S01,-10,2024-08-03T08:50:00+08:00,soil_moisture,75.58,%,30.137,102.19,simulated
S01,-5,2024-08-03T08:55:00+08:00,soil_moisture,75.724,%,30.137,102.19,simulated
S01,0,2024-08-03T09:00:00+08:00,soil_moisture,75.97,%,30.137,102.19,simulated
S01,5,2024-08-03T09:05:00+08:00,soil_moisture,78.18,%,30.137,102.19,simulated
S01,10,2024-08-03T09:10:00+08:00,soil_moisture,75.954,%,30.137,102.19,simulated
S01,15,2024-08-03T09:15:00+08:00,soil_moisture,78.307,%,30.137,102.19,simulated
S01,20,2024-08-03T09:20:00+08:00,soil_moisture,78.12,%,30.137,102.19,simulated
S01,25,2024-08-03T09:25:00+08:00,soil_moisture,78.539,%,30.137,102.19,simulated
S01,30,2024-08-03T09:30:00+08:00,soil_moisture,78.039,%,30.137,102.19,simulated
S01,35,2024-08-03T09:35:00+08:00,soil_moisture,80.122,%,30.137,102.19,simulated
S01,40,2024-08-03T09:40:00+08:00,soil_moisture,79.587,%,30.137,102.19,simulated
S01,45,2024-08-03T09:45:00+08:00,soil_moisture,79.281,%,30.137,102.19,simulated
S01,50,2024-08-03T09:50:00+08:00,soil_moisture,78.202,%,30.137,102.19,simulated
S01,55,2024-08-03T09:55:00+08:00,soil_moisture,79.025,%,30.137,102.19,simulated
S01,60,2024-08-03T10:00:00+08:00,soil_moisture,78.311,%,30.137,102.19,simulated
S01,65,2024-08-03T10:05:00+08:00,soil_moisture,77.506,%,30.137,102.19,simulated
S01,70,2024-08-03T10:10:00+08:00,soil_moisture,78.318,%,30.137,102.19,simulated
S01,75,2024-08-03T10:15:00+08:00,soil_moisture,78.709,%,30.137,102.19,simulated
S01,80,2024-08-03T10:20:00+08:00,soil_moisture,77.039,%,30.137,102.19,simulated
S01,85,2024-08-03T10:25:00+08:00,soil_moisture,74.722,%,30.137,102.19,simulated
S01,90,2024-08-03T10:30:00+08:00,soil_moisture,75.343,%,30.137,102.19,simulated
S01,95,2024-08-03T10:35:00+08:00,soil_moisture,74.11,%,30.137,102.19,simulated
S01,100,2024-08-03T10:40:00+08:00,soil_moisture,72.931,%,30.137,102.19,simulated
S01,105,2024-08-03T10:45:00+08:00,soil_moisture,73.001,%,30.137,102.19,simulated
S01,110,2024-08-03T10:50:00+08:00,soil_moisture,72.003,%,30.137,102.19,simulated
S01,115,2024-08-03T10:55:00+08:00,soil_moisture,72.031,%,30.137,102.19,simulated
S01,120,2024-08-03T11:00:00+08:00,soil_moisture,69.647,%,30.137,102.19,simulated
S01,125,2024-08-03T11:05:00+08:00,soil_moisture,70.219,%,30.137,102.19,simulated
S01,130,2024-08-03T11:10:00+08:00,soil_moisture,68.439,%,30.137,102.19,simulated
S01,135,2024-08-03T11:15:00+08:00,soil_moisture,66.843,%,30.137,102.19,simulated
S01,140,2024-08-03T11:20:00+08:00,soil_moisture,66.454,%,30.137,102.19,simulated
S01,145,2024-08-03T11:25:00+08:00,soil_moisture,64.581,%,30.137,102.19,simulated
S01,150,2024-08-03T11:30:00+08:00,soil_moisture,63.916,%,30.137,102.19,simulated
S01,155,2024-08-03T11:35:00+08:00,soil_moisture,62.667,%,30.137,102.19,simulated
S01,160,2024-08-03T11:40:00+08:00,soil_moisture,62.079,%,30.137,102.19,simulated
S01,165,2024-08-03T11:45:00+08:00,soil_moisture,60.663,%,30.137,102.19,simulated
S01,170,2024-08-03T11:50:00+08:00,soil_moisture,59.561,%,30.137,102.19,simulated
S01,175,2024-08-03T11:55:00+08:00,soil_moisture,60.192,%,30.137,102.19,simulated
S01,180,2024-08-03T12:00:00+08:00,soil_moisture,58.854,%,30.137,102.19,simulated
S02,-1440,2024-08-02T09:00:00+08:00,soil_moisture,45.057,%,30.084,102.209,simulated
S02,-1435,2024-08-02T09:05:00+08:00,soil_moisture,45.71,%,30.084,102.209,simulated
S02,-1430,2024-08-02T09:10:00+08:00,soil_moisture,45.051,%,30.084,102.209,simulated
S02,-1425,2024-08-02T09:15:00+08:00,soil_moisture,44.54,%,30.084,102.209,simulated
S02,-1420,2024-08-02T09:20:00+08:00,soil_moisture,44.664,%,30.084,102.209,simulated
S02,-1415,2024-08-02T09:25:00+08:00,soil_moisture,45.312,%,30.084,102.209,simulated
S02,-1410,2024-08-02T09:30:00+08:00,soil_moisture,46.303,%,30.084,102.209,simulated
S02,-1405,2024-08-02T09:35:00+08:00,soil_moisture,44.473,%,30.084,102.209,simulated
S02,-1400,2024-08-02T09:40:00+08:00,soil_moisture,44.631,%,30.084,102.209,simulated
S02,-1395,2024-08-02T09:45:00+08:00,soil_moisture,45.695,%,30.084,102.209,simulated
S02,-1390,2024-08-02T09:50:00+08:00,soil_moisture,45.274,%,30.084,102.209,simulated
S02,-1385,2024-08-02T09:55:00+08:00,soil_moisture,44.706,%,30.084,102.209,simulated
S02,-1380,2024-08-02T10:00:00+08:00,soil_moisture,45.494,%,30.084,102.209,simulated
S02,-1375,2024-08-02T10:05:00+08:00,soil_moisture,44.943,%,30.084,102.209,simulated
S02,-1370,2024-08-02T10:10:00+08:00,soil_moisture,43.144,%,30.084,102.209,simulated
S02,-1365,2024-08-02T10:15:00+08:00,soil_moisture,43.789,%,30.084,102.209,simulated
S02,-1360,2024-08-02T10:20:00+08:00,soil_moisture,44.855,%,30.084,102.209,simulated
S02,-1355,2024-08-02T10:25:00+08:00,soil_moisture,45.432,%,30.084,102.209,simulated
S02,-1350,2024-08-02T10:30:00+08:00,soil_moisture,44.63,%,30.084,102.209,simulated
S02,-1345,2024-08-02T10:35:00+08:00,soil_moisture,45.525,%,30.084,102.209,simulated
S02,-1340,2024-08-02T10:40:00+08:00,soil_moisture,44.762,%,30.084,102.209,simulated
S02,-1335,2024-08-02T10:45:00+08:00,soil_moisture,45.079,%,30.084,102.209,simulated
S02,-1330,2024-08-02T10:50:00+08:00,soil_moisture,45.154,%,30.084,102.209,simulated
S02,-1325,2024-08-02T10:55:00+08:00,soil_moisture,44.155,%,30.084,102.209,simulated
S02,-1320,2024-08-02T11:00:00+08:00,soil_moisture,45.98,%,30.084,102.209,simulated
S02,-1315,2024-08-02T11:05:00+08:00,soil_moisture,44.723,%,30.084,102.209,simulated
S02,-1310,2024-08-02T11:10:00+08:00,soil_moisture,45.537,%,30.084,102.209,simulated
S02,-1305,2024-08-02T11:15:00+08:00,soil_moisture,44.969,%,30.084,102.209,simulated
S02,-1300,2024-08-02T11:20:00+08:00,soil_moisture,45.735,%,30.084,102.209,simulated
S02,-1295,2024-08-02T11:25:00+08:00,soil_moisture,44.342,%,30.084,102.209,simulated
S02,-1290,2024-08-02T11:30:00+08:00,soil_moisture,44.16,%,30.084,102.209,simulated
S02,-1285,2024-08-02T11:35:00+08:00,soil_moisture,45.748,%,30.084,102.209,simulated
S02,-1280,2024-08-02T11:40:00+08:00,soil_moisture,44.448,%,30.084,102.209,simulated
S02,-1275,2024-08-02T11:45:00+08:00,soil_moisture,44.148,%,30.084,102.209,simulated
S02,-1270,2024-08-02T11:50:00+08:00,soil_moisture,44.388,%,30.084,102.209,simulated
S02,-1265,2024-08-02T11:55:00+08:00,soil_moisture,45.17,%,30.084,102.209,simulated
S02,-1260,2024-08-02T12:00:00+08:00,soil_moisture,45.438,%,30.084,102.209,simulated
S02,-1255,2024-08-02T12:05:00+08:00,soil_moisture,45.11,%,30.084,102.209,simulated
S02,-1250,2024-08-02T12:10:00+08:00,soil_moisture,46.094,%,30.084,102.209,simulated
S02,-1245,2024-08-02T12:15:00+08:00,soil_moisture,45.275,%,30.084,102.209,simulated
S02,-1240,2024-08-02T12:20:00+08:00,soil_moisture,46.014,%,30.084,102.209,simulated
S02,-1235,2024-08-02T12:25:00+08:00,soil_moisture,44.453,%,30.084,102.209,simulated
S02,-1230,2024-08-02T12:30:00+08:00,soil_moisture,44.498,%,30.084,102.209,simulated
S02,-1225,2024-08-02T12:35:00+08:00,soil_moisture,45.14,%,30.084,102.209,simulated
S02,-1220,2024-08-02T12:40:00+08:00,soil_moisture,44.167,%,30.084,102.209,simulated
S02,-1215,2024-08-02T12:45:00+08:00,soil_moisture,44.378,%,30.084,102.209,simulated
S02,-1210,2024-08-02T12:50:00+08:00,soil_moisture,45.232,%,30.084,102.209,simulated
S02,-1205,2024-08-02T12:55:00+08:00,soil_moisture,44.769,%,30.084,102.209,simulated
S02,-1200,2024-08-02T13:00:00+08:00,soil_moisture,46.016,%,30.084,102.209,simulated
S02,-1195,2024-08-02T13:05:00+08:00,soil_moisture,44.156,%,30.084,102.209,simulated
S02,-1190,2024-08-02T13:10:00+08:00,soil_moisture,45.422,%,30.084,102.209,simulated
S02,-1185,2024-08-02T13:15:00+08:00,soil_moisture,44.488,%,30.084,102.209,simulated
S02,-1180,2024-08-02T13:20:00+08:00,soil_moisture,45.543,%,30.084,102.209,simulated
S02,-1175,2024-08-02T13:25:00+08:00,soil_moisture,45.977,%,30.084,102.209,simulated
S02,-1170,2024-08-02T13:30:00+08:00,soil_moisture,45.433,%,30.084,102.209,simulated
S02,-1165,2024-08-02T13:35:00+08:00,soil_moisture,44.852,%,30.084,102.209,simulated
S02,-1160,2024-08-02T13:40:00+08:00,soil_moisture,44.571,%,30.084,102.209,simulated
S02,-1155,2024-08-02T13:45:00+08:00,soil_moisture,44.822,%,30.084,102.209,simulated
S02,-1150,2024-08-02T13:50:00+08:00,soil_moisture,44.904,%,30.084,102.209,simulated
S02,-1145,2024-08-02T13:55:00+08:00,soil_moisture,44.487,%,30.084,102.209,simulated
S02,-1140,2024-08-02T14:00:00+08:00,soil_moisture,46.333,%,30.084,102.209,simulated
S02,-1135,2024-08-02T14:05:00+08:00,soil_moisture,46.051,%,30.084,102.209,simulated
S02,-1130,2024-08-02T14:10:00+08:00,soil_moisture,45.359,%,30.084,102.209,simulated
S02,-1125,2024-08-02T14:15:00+08:00,soil_moisture,44.966,%,30.084,102.209,simulated
S02,-1120,2024-08-02T14:20:00+08:00,soil_moisture,45.072,%,30.084,102.209,simulated
S02,-1115,2024-08-02T14:25:00+08:00,soil_moisture,44.584,%,30.084,102.209,simulated
S02,-1110,2024-08-02T14:30:00+08:00,soil_moisture,44.485,%,30.084,102.209,simulated
S02,-1105,2024-08-02T14:35:00+08:00,soil_moisture,44.955,%,30.084,102.209,simulated
S02,-1100,2024-08-02T14:40:00+08:00,soil_moisture,46.348,%,30.084,102.209,simulated
S02,-1095,2024-08-02T14:45:00+08:00,soil_moisture,43.604,%,30.084,102.209,simulated
S02,-1090,2024-08-02T14:50:00+08:00,soil_moisture,45.424,%,30.084,102.209,simulated
S02,-1085,2024-08-02T14:55:00+08:00,soil_moisture,44.864,%,30.084,102.209,simulated
S02,-1080,2024-08-02T15:00:00+08:00,soil_moisture,45.314,%,30.084,102.209,simulated
S02,-1075,2024-08-02T15:05:00+08:00,soil_moisture,45.228,%,30.084,102.209,simulated
S02,-1070,2024-08-02T15:10:00+08:00,soil_moisture,45.032,%,30.084,102.209,simulated
S02,-1065,2024-08-02T15:15:00+08:00,soil_moisture,44.781,%,30.084,102.209,simulated
S02,-1060,2024-08-02T15:20:00+08:00,soil_moisture,45.133,%,30.084,102.209,simulated
S02,-1055,2024-08-02T15:25:00+08:00,soil_moisture,45.001,%,30.084,102.209,simulated
S02,-1050,2024-08-02T15:30:00+08:00,soil_moisture,44.361,%,30.084,102.209,simulated
S02,-1045,2024-08-02T15:35:00+08:00,soil_moisture,44.242,%,30.084,102.209,simulated
S02,-1040,2024-08-02T15:40:00+08:00,soil_moisture,45.567,%,30.084,102.209,simulated
S02,-1035,2024-08-02T15:45:00+08:00,soil_moisture,43.612,%,30.084,102.209,simulated
S02,-1030,2024-08-02T15:50:00+08:00,soil_moisture,45.757,%,30.084,102.209,simulated
S02,-1025,2024-08-02T15:55:00+08:00,soil_moisture,45.348,%,30.084,102.209,simulated
S02,-1020,2024-08-02T16:00:00+08:00,soil_moisture,44.836,%,30.084,102.209,simulated
S02,-1015,2024-08-02T16:05:00+08:00,soil_moisture,45.0,%,30.084,102.209,simulated
S02,-1010,2024-08-02T16:10:00+08:00,soil_moisture,44.214,%,30.084,102.209,simulated
S02,-1005,2024-08-02T16:15:00+08:00,soil_moisture,45.023,%,30.084,102.209,simulated
S02,-1000,2024-08-02T16:20:00+08:00,soil_moisture,45.037,%,30.084,102.209,simulated
S02,-995,2024-08-02T16:25:00+08:00,soil_moisture,45.489,%,30.084,102.209,simulated
S02,-990,2024-08-02T16:30:00+08:00,soil_moisture,44.418,%,30.084,102.209,simulated
S02,-985,2024-08-02T16:35:00+08:00,soil_moisture,45.552,%,30.084,102.209,simulated
S02,-980,2024-08-02T16:40:00+08:00,soil_moisture,45.193,%,30.084,102.209,simulated
S02,-975,2024-08-02T16:45:00+08:00,soil_moisture,45.393,%,30.084,102.209,simulated
S02,-970,2024-08-02T16:50:00+08:00,soil_moisture,44.817,%,30.084,102.209,simulated
S02,-965,2024-08-02T16:55:00+08:00,soil_moisture,45.647,%,30.084,102.209,simulated
S02,-960,2024-08-02T17:00:00+08:00,soil_moisture,45.494,%,30.084,102.209,simulated
S02,-955,2024-08-02T17:05:00+08:00,soil_moisture,44.352,%,30.084,102.209,simulated
S02,-950,2024-08-02T17:10:00+08:00,soil_moisture,44.378,%,30.084,102.209,simulated
S02,-945,2024-08-02T17:15:00+08:00,soil_moisture,45.205,%,30.084,102.209,simulated
S02,-940,2024-08-02T17:20:00+08:00,soil_moisture,45.548,%,30.084,102.209,simulated
S02,-935,2024-08-02T17:25:00+08:00,soil_moisture,44.868,%,30.084,102.209,simulated
S02,-930,2024-08-02T17:30:00+08:00,soil_moisture,44.888,%,30.084,102.209,simulated
S02,-925,2024-08-02T17:35:00+08:00,soil_moisture,45.364,%,30.084,102.209,simulated
S02,-920,2024-08-02T17:40:00+08:00,soil_moisture,45.175,%,30.084,102.209,simulated
S02,-915,2024-08-02T17:45:00+08:00,soil_moisture,45.206,%,30.084,102.209,simulated
S02,-910,2024-08-02T17:50:00+08:00,soil_moisture,45.044,%,30.084,102.209,simulated
S02,-905,2024-08-02T17:55:00+08:00,soil_moisture,44.419,%,30.084,102.209,simulated
S02,-900,2024-08-02T18:00:00+08:00,soil_moisture,45.299,%,30.084,102.209,simulated
S02,-895,2024-08-02T18:05:00+08:00,soil_moisture,45.509,%,30.084,102.209,simulated
S02,-890,2024-08-02T18:10:00+08:00,soil_moisture,44.962,%,30.084,102.209,simulated
S02,-885,2024-08-02T18:15:00+08:00,soil_moisture,44.421,%,30.084,102.209,simulated
S02,-880,2024-08-02T18:20:00+08:00,soil_moisture,45.268,%,30.084,102.209,simulated
S02,-875,2024-08-02T18:25:00+08:00,soil_moisture,45.361,%,30.084,102.209,simulated
S02,-870,2024-08-02T18:30:00+08:00,soil_moisture,45.551,%,30.084,102.209,simulated
S02,-865,2024-08-02T18:35:00+08:00,soil_moisture,45.894,%,30.084,102.209,simulated
S02,-860,2024-08-02T18:40:00+08:00,soil_moisture,44.666,%,30.084,102.209,simulated
S02,-855,2024-08-02T18:45:00+08:00,soil_moisture,44.172,%,30.084,102.209,simulated
S02,-850,2024-08-02T18:50:00+08:00,soil_moisture,45.705,%,30.084,102.209,simulated
S02,-845,2024-08-02T18:55:00+08:00,soil_moisture,44.737,%,30.084,102.209,simulated
S02,-840,2024-08-02T19:00:00+08:00,soil_moisture,46.581,%,30.084,102.209,simulated
S02,-835,2024-08-02T19:05:00+08:00,soil_moisture,44.684,%,30.084,102.209,simulated
S02,-830,2024-08-02T19:10:00+08:00,soil_moisture,45.145,%,30.084,102.209,simulated
S02,-825,2024-08-02T19:15:00+08:00,soil_moisture,45.898,%,30.084,102.209,simulated
S02,-820,2024-08-02T19:20:00+08:00,soil_moisture,44.139,%,30.084,102.209,simulated
S02,-815,2024-08-02T19:25:00+08:00,soil_moisture,44.863,%,30.084,102.209,simulated
S02,-810,2024-08-02T19:30:00+08:00,soil_moisture,45.189,%,30.084,102.209,simulated
S02,-805,2024-08-02T19:35:00+08:00,soil_moisture,45.205,%,30.084,102.209,simulated
S02,-800,2024-08-02T19:40:00+08:00,soil_moisture,44.271,%,30.084,102.209,simulated
S02,-795,2024-08-02T19:45:00+08:00,soil_moisture,44.691,%,30.084,102.209,simulated
S02,-790,2024-08-02T19:50:00+08:00,soil_moisture,44.716,%,30.084,102.209,simulated
S02,-785,2024-08-02T19:55:00+08:00,soil_moisture,44.825,%,30.084,102.209,simulated
S02,-780,2024-08-02T20:00:00+08:00,soil_moisture,45.433,%,30.084,102.209,simulated
S02,-775,2024-08-02T20:05:00+08:00,soil_moisture,44.598,%,30.084,102.209,simulated
S02,-770,2024-08-02T20:10:00+08:00,soil_moisture,44.476,%,30.084,102.209,simulated
S02,-765,2024-08-02T20:15:00+08:00,soil_moisture,44.903,%,30.084,102.209,simulated
S02,-760,2024-08-02T20:20:00+08:00,soil_moisture,45.918,%,30.084,102.209,simulated
S02,-755,2024-08-02T20:25:00+08:00,soil_moisture,44.922,%,30.084,102.209,simulated
S02,-750,2024-08-02T20:30:00+08:00,soil_moisture,45.206,%,30.084,102.209,simulated
S02,-745,2024-08-02T20:35:00+08:00,soil_moisture,45.331,%,30.084,102.209,simulated
S02,-740,2024-08-02T20:40:00+08:00,soil_moisture,45.455,%,30.084,102.209,simulated
S02,-735,2024-08-02T20:45:00+08:00,soil_moisture,45.448,%,30.084,102.209,simulated
S02,-730,2024-08-02T20:50:00+08:00,soil_moisture,45.504,%,30.084,102.209,simulated
S02,-725,2024-08-02T20:55:00+08:00,soil_moisture,45.44,%,30.084,102.209,simulated
S02,-720,2024-08-02T21:00:00+08:00,soil_moisture,44.95,%,30.084,102.209,simulated
S02,-715,2024-08-02T21:05:00+08:00,soil_moisture,46.042,%,30.084,102.209,simulated
S02,-710,2024-08-02T21:10:00+08:00,soil_moisture,45.273,%,30.084,102.209,simulated
S02,-705,2024-08-02T21:15:00+08:00,soil_moisture,44.615,%,30.084,102.209,simulated
S02,-700,2024-08-02T21:20:00+08:00,soil_moisture,43.35,%,30.084,102.209,simulated
S02,-695,2024-08-02T21:25:00+08:00,soil_moisture,45.717,%,30.084,102.209,simulated
S02,-690,2024-08-02T21:30:00+08:00,soil_moisture,46.068,%,30.084,102.209,simulated
S02,-685,2024-08-02T21:35:00+08:00,soil_moisture,45.938,%,30.084,102.209,simulated
S02,-680,2024-08-02T21:40:00+08:00,soil_moisture,45.749,%,30.084,102.209,simulated
S02,-675,2024-08-02T21:45:00+08:00,soil_moisture,44.946,%,30.084,102.209,simulated
S02,-670,2024-08-02T21:50:00+08:00,soil_moisture,45.675,%,30.084,102.209,simulated
S02,-665,2024-08-02T21:55:00+08:00,soil_moisture,43.663,%,30.084,102.209,simulated
S02,-660,2024-08-02T22:00:00+08:00,soil_moisture,44.94,%,30.084,102.209,simulated
S02,-655,2024-08-02T22:05:00+08:00,soil_moisture,43.604,%,30.084,102.209,simulated
S02,-650,2024-08-02T22:10:00+08:00,soil_moisture,45.662,%,30.084,102.209,simulated
S02,-645,2024-08-02T22:15:00+08:00,soil_moisture,44.975,%,30.084,102.209,simulated
S02,-640,2024-08-02T22:20:00+08:00,soil_moisture,45.025,%,30.084,102.209,simulated
S02,-635,2024-08-02T22:25:00+08:00,soil_moisture,45.451,%,30.084,102.209,simulated
S02,-630,2024-08-02T22:30:00+08:00,soil_moisture,46.299,%,30.084,102.209,simulated
S02,-625,2024-08-02T22:35:00+08:00,soil_moisture,45.147,%,30.084,102.209,simulated
S02,-620,2024-08-02T22:40:00+08:00,soil_moisture,45.155,%,30.084,102.209,simulated
S02,-615,2024-08-02T22:45:00+08:00,soil_moisture,44.244,%,30.084,102.209,simulated
S02,-610,2024-08-02T22:50:00+08:00,soil_moisture,44.457,%,30.084,102.209,simulated
S02,-605,2024-08-02T22:55:00+08:00,soil_moisture,45.175,%,30.084,102.209,simulated
S02,-600,2024-08-02T23:00:00+08:00,soil_moisture,43.431,%,30.084,102.209,simulated
S02,-595,2024-08-02T23:05:00+08:00,soil_moisture,45.282,%,30.084,102.209,simulated
S02,-590,2024-08-02T23:10:00+08:00,soil_moisture,44.48,%,30.084,102.209,simulated
S02,-585,2024-08-02T23:15:00+08:00,soil_moisture,46.685,%,30.084,102.209,simulated
S02,-580,2024-08-02T23:20:00+08:00,soil_moisture,44.804,%,30.084,102.209,simulated
S02,-575,2024-08-02T23:25:00+08:00,soil_moisture,45.32,%,30.084,102.209,simulated
S02,-570,2024-08-02T23:30:00+08:00,soil_moisture,44.859,%,30.084,102.209,simulated
S02,-565,2024-08-02T23:35:00+08:00,soil_moisture,44.942,%,30.084,102.209,simulated
S02,-560,2024-08-02T23:40:00+08:00,soil_moisture,45.027,%,30.084,102.209,simulated
S02,-555,2024-08-02T23:45:00+08:00,soil_moisture,45.325,%,30.084,102.209,simulated
S02,-550,2024-08-02T23:50:00+08:00,soil_moisture,44.595,%,30.084,102.209,simulated
S02,-545,2024-08-02T23:55:00+08:00,soil_moisture,45.167,%,30.084,102.209,simulated
S02,-540,2024-08-03T00:00:00+08:00,soil_moisture,44.766,%,30.084,102.209,simulated
S02,-535,2024-08-03T00:05:00+08:00,soil_moisture,45.128,%,30.084,102.209,simulated
S02,-530,2024-08-03T00:10:00+08:00,soil_moisture,45.445,%,30.084,102.209,simulated
S02,-525,2024-08-03T00:15:00+08:00,soil_moisture,45.115,%,30.084,102.209,simulated
S02,-520,2024-08-03T00:20:00+08:00,soil_moisture,44.067,%,30.084,102.209,simulated
S02,-515,2024-08-03T00:25:00+08:00,soil_moisture,45.513,%,30.084,102.209,simulated
S02,-510,2024-08-03T00:30:00+08:00,soil_moisture,45.106,%,30.084,102.209,simulated
S02,-505,2024-08-03T00:35:00+08:00,soil_moisture,46.19,%,30.084,102.209,simulated
S02,-500,2024-08-03T00:40:00+08:00,soil_moisture,45.23,%,30.084,102.209,simulated
S02,-495,2024-08-03T00:45:00+08:00,soil_moisture,45.395,%,30.084,102.209,simulated
S02,-490,2024-08-03T00:50:00+08:00,soil_moisture,45.591,%,30.084,102.209,simulated
S02,-485,2024-08-03T00:55:00+08:00,soil_moisture,45.694,%,30.084,102.209,simulated
S02,-480,2024-08-03T01:00:00+08:00,soil_moisture,44.802,%,30.084,102.209,simulated
S02,-475,2024-08-03T01:05:00+08:00,soil_moisture,43.932,%,30.084,102.209,simulated
S02,-470,2024-08-03T01:10:00+08:00,soil_moisture,44.339,%,30.084,102.209,simulated
S02,-465,2024-08-03T01:15:00+08:00,soil_moisture,45.399,%,30.084,102.209,simulated
S02,-460,2024-08-03T01:20:00+08:00,soil_moisture,45.573,%,30.084,102.209,simulated
S02,-455,2024-08-03T01:25:00+08:00,soil_moisture,45.207,%,30.084,102.209,simulated
S02,-450,2024-08-03T01:30:00+08:00,soil_moisture,44.58,%,30.084,102.209,simulated
S02,-445,2024-08-03T01:35:00+08:00,soil_moisture,44.677,%,30.084,102.209,simulated
S02,-440,2024-08-03T01:40:00+08:00,soil_moisture,45.116,%,30.084,102.209,simulated
S02,-435,2024-08-03T01:45:00+08:00,soil_moisture,46.077,%,30.084,102.209,simulated
S02,-430,2024-08-03T01:50:00+08:00,soil_moisture,44.844,%,30.084,102.209,simulated
S02,-425,2024-08-03T01:55:00+08:00,soil_moisture,44.64,%,30.084,102.209,simulated
S02,-420,2024-08-03T02:00:00+08:00,soil_moisture,45.363,%,30.084,102.209,simulated
S02,-415,2024-08-03T02:05:00+08:00,soil_moisture,44.689,%,30.084,102.209,simulated
S02,-410,2024-08-03T02:10:00+08:00,soil_moisture,44.484,%,30.084,102.209,simulated
S02,-405,2024-08-03T02:15:00+08:00,soil_moisture,45.645,%,30.084,102.209,simulated
S02,-400,2024-08-03T02:20:00+08:00,soil_moisture,44.109,%,30.084,102.209,simulated
S02,-395,2024-08-03T02:25:00+08:00,soil_moisture,44.942,%,30.084,102.209,simulated
S02,-390,2024-08-03T02:30:00+08:00,soil_moisture,44.848,%,30.084,102.209,simulated
S02,-385,2024-08-03T02:35:00+08:00,soil_moisture,45.675,%,30.084,102.209,simulated
S02,-380,2024-08-03T02:40:00+08:00,soil_moisture,45.88,%,30.084,102.209,simulated
S02,-375,2024-08-03T02:45:00+08:00,soil_moisture,44.785,%,30.084,102.209,simulated
S02,-370,2024-08-03T02:50:00+08:00,soil_moisture,45.236,%,30.084,102.209,simulated
S02,-365,2024-08-03T02:55:00+08:00,soil_moisture,46.035,%,30.084,102.209,simulated
S02,-360,2024-08-03T03:00:00+08:00,soil_moisture,45.572,%,30.084,102.209,simulated
S02,-355,2024-08-03T03:05:00+08:00,soil_moisture,45.451,%,30.084,102.209,simulated
S02,-350,2024-08-03T03:10:00+08:00,soil_moisture,45.887,%,30.084,102.209,simulated
S02,-345,2024-08-03T03:15:00+08:00,soil_moisture,45.401,%,30.084,102.209,simulated
S02,-340,2024-08-03T03:20:00+08:00,soil_moisture,44.627,%,30.084,102.209,simulated
S02,-335,2024-08-03T03:25:00+08:00,soil_moisture,44.261,%,30.084,102.209,simulated
S02,-330,2024-08-03T03:30:00+08:00,soil_moisture,45.097,%,30.084,102.209,simulated
S02,-325,2024-08-03T03:35:00+08:00,soil_moisture,45.066,%,30.084,102.209,simulated
S02,-320,2024-08-03T03:40:00+08:00,soil_moisture,46.08,%,30.084,102.209,simulated
S02,-315,2024-08-03T03:45:00+08:00,soil_moisture,45.059,%,30.084,102.209,simulated
S02,-310,2024-08-03T03:50:00+08:00,soil_moisture,44.973,%,30.084,102.209,simulated
S02,-305,2024-08-03T03:55:00+08:00,soil_moisture,45.417,%,30.084,102.209,simulated
S02,-300,2024-08-03T04:00:00+08:00,soil_moisture,45.587,%,30.084,102.209,simulated
S02,-295,2024-08-03T04:05:00+08:00,soil_moisture,46.538,%,30.084,102.209,simulated
S02,-290,2024-08-03T04:10:00+08:00,soil_moisture,45.195,%,30.084,102.209,simulated
S02,-285,2024-08-03T04:15:00+08:00,soil_moisture,45.336,%,30.084,102.209,simulated
S02,-280,2024-08-03T04:20:00+08:00,soil_moisture,44.133,%,30.084,102.209,simulated
S02,-275,2024-08-03T04:25:00+08:00,soil_moisture,44.916,%,30.084,102.209,simulated
S02,-270,2024-08-03T04:30:00+08:00,soil_moisture,44.582,%,30.084,102.209,simulated
S02,-265,2024-08-03T04:35:00+08:00,soil_moisture,45.9,%,30.084,102.209,simulated
S02,-260,2024-08-03T04:40:00+08:00,soil_moisture,46.892,%,30.084,102.209,simulated
S02,-255,2024-08-03T04:45:00+08:00,soil_moisture,45.234,%,30.084,102.209,simulated
S02,-250,2024-08-03T04:50:00+08:00,soil_moisture,45.228,%,30.084,102.209,simulated
S02,-245,2024-08-03T04:55:00+08:00,soil_moisture,45.746,%,30.084,102.209,simulated
S02,-240,2024-08-03T05:00:00+08:00,soil_moisture,46.468,%,30.084,102.209,simulated
S02,-235,2024-08-03T05:05:00+08:00,soil_moisture,46.093,%,30.084,102.209,simulated
S02,-230,2024-08-03T05:10:00+08:00,soil_moisture,46.844,%,30.084,102.209,simulated
S02,-225,2024-08-03T05:15:00+08:00,soil_moisture,45.365,%,30.084,102.209,simulated
S02,-220,2024-08-03T05:20:00+08:00,soil_moisture,46.14,%,30.084,102.209,simulated
S02,-215,2024-08-03T05:25:00+08:00,soil_moisture,46.686,%,30.084,102.209,simulated
S02,-210,2024-08-03T05:30:00+08:00,soil_moisture,46.704,%,30.084,102.209,simulated
S02,-205,2024-08-03T05:35:00+08:00,soil_moisture,47.018,%,30.084,102.209,simulated
S02,-200,2024-08-03T05:40:00+08:00,soil_moisture,46.635,%,30.084,102.209,simulated
S02,-195,2024-08-03T05:45:00+08:00,soil_moisture,47.836,%,30.084,102.209,simulated
S02,-190,2024-08-03T05:50:00+08:00,soil_moisture,48.055,%,30.084,102.209,simulated
S02,-185,2024-08-03T05:55:00+08:00,soil_moisture,47.896,%,30.084,102.209,simulated
S02,-180,2024-08-03T06:00:00+08:00,soil_moisture,48.673,%,30.084,102.209,simulated
S02,-175,2024-08-03T06:05:00+08:00,soil_moisture,48.767,%,30.084,102.209,simulated
S02,-170,2024-08-03T06:10:00+08:00,soil_moisture,49.901,%,30.084,102.209,simulated
S02,-165,2024-08-03T06:15:00+08:00,soil_moisture,49.391,%,30.084,102.209,simulated
S02,-160,2024-08-03T06:20:00+08:00,soil_moisture,49.555,%,30.084,102.209,simulated
S02,-155,2024-08-03T06:25:00+08:00,soil_moisture,50.254,%,30.084,102.209,simulated
S02,-150,2024-08-03T06:30:00+08:00,soil_moisture,50.519,%,30.084,102.209,simulated
S02,-145,2024-08-03T06:35:00+08:00,soil_moisture,51.315,%,30.084,102.209,simulated
S02,-140,2024-08-03T06:40:00+08:00,soil_moisture,52.925,%,30.084,102.209,simulated
S02,-135,2024-08-03T06:45:00+08:00,soil_moisture,53.12,%,30.084,102.209,simulated
S02,-130,2024-08-03T06:50:00+08:00,soil_moisture,52.785,%,30.084,102.209,simulated
S02,-125,2024-08-03T06:55:00+08:00,soil_moisture,53.386,%,30.084,102.209,simulated
S02,-120,2024-08-03T07:00:00+08:00,soil_moisture,54.767,%,30.084,102.209,simulated
S02,-115,2024-08-03T07:05:00+08:00,soil_moisture,55.97,%,30.084,102.209,simulated
S02,-110,2024-08-03T07:10:00+08:00,soil_moisture,56.706,%,30.084,102.209,simulated
S02,-105,2024-08-03T07:15:00+08:00,soil_moisture,57.952,%,30.084,102.209,simulated
S02,-100,2024-08-03T07:20:00+08:00,soil_moisture,58.433,%,30.084,102.209,simulated
S02,-95,2024-08-03T07:25:00+08:00,soil_moisture,58.334,%,30.084,102.209,simulated
S02,-90,2024-08-03T07:30:00+08:00,soil_moisture,59.789,%,30.084,102.209,simulated
S02,-85,2024-08-03T07:35:00+08:00,soil_moisture,62.809,%,30.084,102.209,simulated
S02,-80,2024-08-03T07:40:00+08:00,soil_moisture,62.545,%,30.084,102.209,simulated
S02,-75,2024-08-03T07:45:00+08:00,soil_moisture,62.673,%,30.084,102.209,simulated
S02,-70,2024-08-03T07:50:00+08:00,soil_moisture,63.999,%,30.084,102.209,simulated
S02,-65,2024-08-03T07:55:00+08:00,soil_moisture,65.515,%,30.084,102.209,simulated
S02,-60,2024-08-03T08:00:00+08:00,soil_moisture,66.074,%,30.084,102.209,simulated
S02,-55,2024-08-03T08:05:00+08:00,soil_moisture,67.284,%,30.084,102.209,simulated
S02,-50,2024-08-03T08:10:00+08:00,soil_moisture,67.846,%,30.084,102.209,simulated
S02,-45,2024-08-03T08:15:00+08:00,soil_moisture,69.114,%,30.084,102.209,simulated
S02,-40,2024-08-03T08:20:00+08:00,soil_moisture,70.591,%,30.084,102.209,simulated
S02,-35,2024-08-03T08:25:00+08:00,soil_moisture,71.117,%,30.084,102.209,simulated
S02,-30,2024-08-03T08:30:00+08:00,soil_moisture,71.209,%,30.084,102.209,simulated
S02,-25,2024-08-03T08:35:00+08:00,soil_moisture,71.869,%,30.084,102.209,simulated
S02,-20,2024-08-03T08:40:00+08:00,soil_moisture,73.47,%,30.084,102.209,simulated
S02,-15,2024-08-03T08:45:00+08:00,soil_moisture,74.2,%,30.084,102.209,simulated
S02,-10,2024-08-03T08:50:00+08:00,soil_moisture,75.997,%,30.084,102.209,simulated
S02,-5,2024-08-03T08:55:00+08:00,soil_moisture,75.804,%,30.084,102.209,simulated
S02,0,2024-08-03T09:00:00+08:00,soil_moisture,76.374,%,30.084,102.209,simulated
S02,5,2024-08-03T09:05:00+08:00,soil_moisture,77.464,%,30.084,102.209,simulated
S02,10,2024-08-03T09:10:00+08:00,soil_moisture,76.904,%,30.084,102.209,simulated
S02,15,2024-08-03T09:15:00+08:00,soil_moisture,78.631,%,30.084,102.209,simulated
S02,20,2024-08-03T09:20:00+08:00,soil_moisture,77.786,%,30.084,102.209,simulated
S02,25,2024-08-03T09:25:00+08:00,soil_moisture,79.121,%,30.084,102.209,simulated
S02,30,2024-08-03T09:30:00+08:00,soil_moisture,79.454,%,30.084,102.209,simulated
S02,35,2024-08-03T09:35:00+08:00,soil_moisture,79.068,%,30.084,102.209,simulated
S02,40,2024-08-03T09:40:00+08:00,soil_moisture,79.477,%,30.084,102.209,simulated
S02,45,2024-08-03T09:45:00+08:00,soil_moisture,78.36,%,30.084,102.209,simulated
S02,50,2024-08-03T09:50:00+08:00,soil_moisture,78.76,%,30.084,102.209,simulated
S02,55,2024-08-03T09:55:00+08:00,soil_moisture,79.023,%,30.084,102.209,simulated
S02,60,2024-08-03T10:00:00+08:00,soil_moisture,78.015,%,30.084,102.209,simulated
S02,65,2024-08-03T10:05:00+08:00,soil_moisture,78.413,%,30.084,102.209,simulated
S02,70,2024-08-03T10:10:00+08:00,soil_moisture,77.435,%,30.084,102.209,simulated
S02,75,2024-08-03T10:15:00+08:00,soil_moisture,77.025,%,30.084,102.209,simulated
S02,80,2024-08-03T10:20:00+08:00,soil_moisture,76.561,%,30.084,102.209,simulated
S02,85,2024-08-03T10:25:00+08:00,soil_moisture,75.656,%,30.084,102.209,simulated
S02,90,2024-08-03T10:30:00+08:00,soil_moisture,73.608,%,30.084,102.209,simulated
S02,95,2024-08-03T10:35:00+08:00,soil_moisture,74.155,%,30.084,102.209,simulated
S02,100,2024-08-03T10:40:00+08:00,soil_moisture,74.6,%,30.084,102.209,simulated
S02,105,2024-08-03T10:45:00+08:00,soil_moisture,72.943,%,30.084,102.209,simulated
S02,110,2024-08-03T10:50:00+08:00,soil_moisture,71.311,%,30.084,102.209,simulated
S02,115,2024-08-03T10:55:00+08:00,soil_moisture,71.556,%,30.084,102.209,simulated
S02,120,2024-08-03T11:00:00+08:00,soil_moisture,69.565,%,30.084,102.209,simulated
S02,125,2024-08-03T11:05:00+08:00,soil_moisture,69.289,%,30.084,102.209,simulated
S02,130,2024-08-03T11:10:00+08:00,soil_moisture,68.772,%,30.084,102.209,simulated
S02,135,2024-08-03T11:15:00+08:00,soil_moisture,66.65,%,30.084,102.209,simulated
S02,140,2024-08-03T11:20:00+08:00,soil_moisture,66.064,%,30.084,102.209,simulated
S02,145,2024-08-03T11:25:00+08:00,soil_moisture,64.839,%,30.084,102.209,simulated
S02,150,2024-08-03T11:30:00+08:00,soil_moisture,63.248,%,30.084,102.209,simulated
S02,155,2024-08-03T11:35:00+08:00,soil_moisture,62.812,%,30.084,102.209,simulated
S02,160,2024-08-03T11:40:00+08:00,soil_moisture,62.201,%,30.084,102.209,simulated
S02,165,2024-08-03T11:45:00+08:00,soil_moisture,61.677,%,30.084,102.209,simulated
S02,170,2024-08-03T11:50:00+08:00,soil_moisture,59.271,%,30.084,102.209,simulated
S02,175,2024-08-03T11:55:00+08:00,soil_moisture,60.244,%,30.084,102.209,simulated
S02,180,2024-08-03T12:00:00+08:00,soil_moisture,58.412,%,30.084,102.209,simulated
S03,-1440,2024-08-02T09:00:00+08:00,soil_moisture,43.671,%,30.111,102.234,simulated
S03,-1435,2024-08-02T09:05:00+08:00,soil_moisture,44.314,%,30.111,102.234,simulated
S03,-1430,2024-08-02T09:10:00+08:00,soil_moisture,44.745,%,30.111,102.234,simulated
S03,-1425,2024-08-02T09:15:00+08:00,soil_moisture,43.398,%,30.111,102.234,simulated
S03,-1420,2024-08-02T09:20:00+08:00,soil_moisture,45.415,%,30.111,102.234,simulated
S03,-1415,2024-08-02T09:25:00+08:00,soil_moisture,45.169,%,30.111,102.234,simulated
S03,-1410,2024-08-02T09:30:00+08:00,soil_moisture,45.083,%,30.111,102.234,simulated
S03,-1405,2024-08-02T09:35:00+08:00,soil_moisture,45.641,%,30.111,102.234,simulated
S03,-1400,2024-08-02T09:40:00+08:00,soil_moisture,44.225,%,30.111,102.234,simulated
S03,-1395,2024-08-02T09:45:00+08:00,soil_moisture,45.719,%,30.111,102.234,simulated
S03,-1390,2024-08-02T09:50:00+08:00,soil_moisture,44.393,%,30.111,102.234,simulated
S03,-1385,2024-08-02T09:55:00+08:00,soil_moisture,44.905,%,30.111,102.234,simulated
S03,-1380,2024-08-02T10:00:00+08:00,soil_moisture,45.026,%,30.111,102.234,simulated
S03,-1375,2024-08-02T10:05:00+08:00,soil_moisture,44.601,%,30.111,102.234,simulated
S03,-1370,2024-08-02T10:10:00+08:00,soil_moisture,44.923,%,30.111,102.234,simulated
S03,-1365,2024-08-02T10:15:00+08:00,soil_moisture,45.792,%,30.111,102.234,simulated
S03,-1360,2024-08-02T10:20:00+08:00,soil_moisture,45.292,%,30.111,102.234,simulated
S03,-1355,2024-08-02T10:25:00+08:00,soil_moisture,44.406,%,30.111,102.234,simulated
S03,-1350,2024-08-02T10:30:00+08:00,soil_moisture,45.429,%,30.111,102.234,simulated
S03,-1345,2024-08-02T10:35:00+08:00,soil_moisture,44.682,%,30.111,102.234,simulated
S03,-1340,2024-08-02T10:40:00+08:00,soil_moisture,45.45,%,30.111,102.234,simulated
S03,-1335,2024-08-02T10:45:00+08:00,soil_moisture,45.399,%,30.111,102.234,simulated
S03,-1330,2024-08-02T10:50:00+08:00,soil_moisture,44.485,%,30.111,102.234,simulated
S03,-1325,2024-08-02T10:55:00+08:00,soil_moisture,45.118,%,30.111,102.234,simulated
S03,-1320,2024-08-02T11:00:00+08:00,soil_moisture,44.687,%,30.111,102.234,simulated
S03,-1315,2024-08-02T11:05:00+08:00,soil_moisture,44.507,%,30.111,102.234,simulated
S03,-1310,2024-08-02T11:10:00+08:00,soil_moisture,44.341,%,30.111,102.234,simulated
S03,-1305,2024-08-02T11:15:00+08:00,soil_moisture,45.171,%,30.111,102.234,simulated
S03,-1300,2024-08-02T11:20:00+08:00,soil_moisture,44.784,%,30.111,102.234,simulated
S03,-1295,2024-08-02T11:25:00+08:00,soil_moisture,44.821,%,30.111,102.234,simulated
S03,-1290,2024-08-02T11:30:00+08:00,soil_moisture,45.692,%,30.111,102.234,simulated
S03,-1285,2024-08-02T11:35:00+08:00,soil_moisture,45.786,%,30.111,102.234,simulated
S03,-1280,2024-08-02T11:40:00+08:00,soil_moisture,44.404,%,30.111,102.234,simulated
S03,-1275,2024-08-02T11:45:00+08:00,soil_moisture,44.187,%,30.111,102.234,simulated
S03,-1270,2024-08-02T11:50:00+08:00,soil_moisture,45.589,%,30.111,102.234,simulated
S03,-1265,2024-08-02T11:55:00+08:00,soil_moisture,44.648,%,30.111,102.234,simulated
S03,-1260,2024-08-02T12:00:00+08:00,soil_moisture,44.985,%,30.111,102.234,simulated
S03,-1255,2024-08-02T12:05:00+08:00,soil_moisture,43.981,%,30.111,102.234,simulated
S03,-1250,2024-08-02T12:10:00+08:00,soil_moisture,44.228,%,30.111,102.234,simulated
S03,-1245,2024-08-02T12:15:00+08:00,soil_moisture,44.594,%,30.111,102.234,simulated
S03,-1240,2024-08-02T12:20:00+08:00,soil_moisture,45.145,%,30.111,102.234,simulated
S03,-1235,2024-08-02T12:25:00+08:00,soil_moisture,45.455,%,30.111,102.234,simulated
S03,-1230,2024-08-02T12:30:00+08:00,soil_moisture,46.24,%,30.111,102.234,simulated
S03,-1225,2024-08-02T12:35:00+08:00,soil_moisture,45.702,%,30.111,102.234,simulated
S03,-1220,2024-08-02T12:40:00+08:00,soil_moisture,45.287,%,30.111,102.234,simulated
S03,-1215,2024-08-02T12:45:00+08:00,soil_moisture,45.432,%,30.111,102.234,simulated
S03,-1210,2024-08-02T12:50:00+08:00,soil_moisture,45.276,%,30.111,102.234,simulated
S03,-1205,2024-08-02T12:55:00+08:00,soil_moisture,45.91,%,30.111,102.234,simulated
S03,-1200,2024-08-02T13:00:00+08:00,soil_moisture,45.242,%,30.111,102.234,simulated
S03,-1195,2024-08-02T13:05:00+08:00,soil_moisture,44.237,%,30.111,102.234,simulated
S03,-1190,2024-08-02T13:10:00+08:00,soil_moisture,45.989,%,30.111,102.234,simulated
S03,-1185,2024-08-02T13:15:00+08:00,soil_moisture,45.437,%,30.111,102.234,simulated
S03,-1180,2024-08-02T13:20:00+08:00,soil_moisture,45.062,%,30.111,102.234,simulated
S03,-1175,2024-08-02T13:25:00+08:00,soil_moisture,44.306,%,30.111,102.234,simulated
S03,-1170,2024-08-02T13:30:00+08:00,soil_moisture,44.835,%,30.111,102.234,simulated
S03,-1165,2024-08-02T13:35:00+08:00,soil_moisture,44.961,%,30.111,102.234,simulated
S03,-1160,2024-08-02T13:40:00+08:00,soil_moisture,44.672,%,30.111,102.234,simulated
S03,-1155,2024-08-02T13:45:00+08:00,soil_moisture,44.773,%,30.111,102.234,simulated
S03,-1150,2024-08-02T13:50:00+08:00,soil_moisture,45.472,%,30.111,102.234,simulated
S03,-1145,2024-08-02T13:55:00+08:00,soil_moisture,44.757,%,30.111,102.234,simulated
S03,-1140,2024-08-02T14:00:00+08:00,soil_moisture,45.077,%,30.111,102.234,simulated
S03,-1135,2024-08-02T14:05:00+08:00,soil_moisture,44.508,%,30.111,102.234,simulated
S03,-1130,2024-08-02T14:10:00+08:00,soil_moisture,44.715,%,30.111,102.234,simulated
S03,-1125,2024-08-02T14:15:00+08:00,soil_moisture,44.593,%,30.111,102.234,simulated
S03,-1120,2024-08-02T14:20:00+08:00,soil_moisture,44.559,%,30.111,102.234,simulated
S03,-1115,2024-08-02T14:25:00+08:00,soil_moisture,45.883,%,30.111,102.234,simulated
S03,-1110,2024-08-02T14:30:00+08:00,soil_moisture,43.66,%,30.111,102.234,simulated
S03,-1105,2024-08-02T14:35:00+08:00,soil_moisture,45.881,%,30.111,102.234,simulated
S03,-1100,2024-08-02T14:40:00+08:00,soil_moisture,45.531,%,30.111,102.234,simulated
S03,-1095,2024-08-02T14:45:00+08:00,soil_moisture,44.606,%,30.111,102.234,simulated
S03,-1090,2024-08-02T14:50:00+08:00,soil_moisture,45.961,%,30.111,102.234,simulated
S03,-1085,2024-08-02T14:55:00+08:00,soil_moisture,44.745,%,30.111,102.234,simulated
S03,-1080,2024-08-02T15:00:00+08:00,soil_moisture,45.106,%,30.111,102.234,simulated
S03,-1075,2024-08-02T15:05:00+08:00,soil_moisture,44.478,%,30.111,102.234,simulated
S03,-1070,2024-08-02T15:10:00+08:00,soil_moisture,44.407,%,30.111,102.234,simulated
S03,-1065,2024-08-02T15:15:00+08:00,soil_moisture,45.509,%,30.111,102.234,simulated
S03,-1060,2024-08-02T15:20:00+08:00,soil_moisture,46.062,%,30.111,102.234,simulated
S03,-1055,2024-08-02T15:25:00+08:00,soil_moisture,44.091,%,30.111,102.234,simulated
S03,-1050,2024-08-02T15:30:00+08:00,soil_moisture,44.144,%,30.111,102.234,simulated
S03,-1045,2024-08-02T15:35:00+08:00,soil_moisture,44.805,%,30.111,102.234,simulated
S03,-1040,2024-08-02T15:40:00+08:00,soil_moisture,45.098,%,30.111,102.234,simulated
S03,-1035,2024-08-02T15:45:00+08:00,soil_moisture,44.032,%,30.111,102.234,simulated
S03,-1030,2024-08-02T15:50:00+08:00,soil_moisture,45.179,%,30.111,102.234,simulated
S03,-1025,2024-08-02T15:55:00+08:00,soil_moisture,44.559,%,30.111,102.234,simulated
S03,-1020,2024-08-02T16:00:00+08:00,soil_moisture,44.699,%,30.111,102.234,simulated
S03,-1015,2024-08-02T16:05:00+08:00,soil_moisture,44.745,%,30.111,102.234,simulated
S03,-1010,2024-08-02T16:10:00+08:00,soil_moisture,43.728,%,30.111,102.234,simulated
S03,-1005,2024-08-02T16:15:00+08:00,soil_moisture,45.937,%,30.111,102.234,simulated
S03,-1000,2024-08-02T16:20:00+08:00,soil_moisture,45.397,%,30.111,102.234,simulated
S03,-995,2024-08-02T16:25:00+08:00,soil_moisture,44.685,%,30.111,102.234,simulated
S03,-990,2024-08-02T16:30:00+08:00,soil_moisture,44.424,%,30.111,102.234,simulated
S03,-985,2024-08-02T16:35:00+08:00,soil_moisture,46.326,%,30.111,102.234,simulated
S03,-980,2024-08-02T16:40:00+08:00,soil_moisture,45.012,%,30.111,102.234,simulated
S03,-975,2024-08-02T16:45:00+08:00,soil_moisture,45.793,%,30.111,102.234,simulated
S03,-970,2024-08-02T16:50:00+08:00,soil_moisture,45.725,%,30.111,102.234,simulated
S03,-965,2024-08-02T16:55:00+08:00,soil_moisture,44.782,%,30.111,102.234,simulated
S03,-960,2024-08-02T17:00:00+08:00,soil_moisture,44.122,%,30.111,102.234,simulated
S03,-955,2024-08-02T17:05:00+08:00,soil_moisture,45.662,%,30.111,102.234,simulated
S03,-950,2024-08-02T17:10:00+08:00,soil_moisture,45.467,%,30.111,102.234,simulated
S03,-945,2024-08-02T17:15:00+08:00,soil_moisture,46.24,%,30.111,102.234,simulated
S03,-940,2024-08-02T17:20:00+08:00,soil_moisture,44.891,%,30.111,102.234,simulated
S03,-935,2024-08-02T17:25:00+08:00,soil_moisture,44.562,%,30.111,102.234,simulated
S03,-930,2024-08-02T17:30:00+08:00,soil_moisture,45.24,%,30.111,102.234,simulated
S03,-925,2024-08-02T17:35:00+08:00,soil_moisture,44.828,%,30.111,102.234,simulated
S03,-920,2024-08-02T17:40:00+08:00,soil_moisture,46.017,%,30.111,102.234,simulated
S03,-915,2024-08-02T17:45:00+08:00,soil_moisture,45.02,%,30.111,102.234,simulated
S03,-910,2024-08-02T17:50:00+08:00,soil_moisture,44.316,%,30.111,102.234,simulated
S03,-905,2024-08-02T17:55:00+08:00,soil_moisture,44.415,%,30.111,102.234,simulated
S03,-900,2024-08-02T18:00:00+08:00,soil_moisture,44.561,%,30.111,102.234,simulated
S03,-895,2024-08-02T18:05:00+08:00,soil_moisture,44.808,%,30.111,102.234,simulated
S03,-890,2024-08-02T18:10:00+08:00,soil_moisture,45.732,%,30.111,102.234,simulated
S03,-885,2024-08-02T18:15:00+08:00,soil_moisture,44.459,%,30.111,102.234,simulated
S03,-880,2024-08-02T18:20:00+08:00,soil_moisture,44.885,%,30.111,102.234,simulated
S03,-875,2024-08-02T18:25:00+08:00,soil_moisture,44.453,%,30.111,102.234,simulated
S03,-870,2024-08-02T18:30:00+08:00,soil_moisture,45.018,%,30.111,102.234,simulated
S03,-865,2024-08-02T18:35:00+08:00,soil_moisture,45.364,%,30.111,102.234,simulated
S03,-860,2024-08-02T18:40:00+08:00,soil_moisture,44.153,%,30.111,102.234,simulated
S03,-855,2024-08-02T18:45:00+08:00,soil_moisture,44.647,%,30.111,102.234,simulated
S03,-850,2024-08-02T18:50:00+08:00,soil_moisture,44.483,%,30.111,102.234,simulated
S03,-845,2024-08-02T18:55:00+08:00,soil_moisture,44.129,%,30.111,102.234,simulated
S03,-840,2024-08-02T19:00:00+08:00,soil_moisture,46.078,%,30.111,102.234,simulated
S03,-835,2024-08-02T19:05:00+08:00,soil_moisture,44.823,%,30.111,102.234,simulated
S03,-830,2024-08-02T19:10:00+08:00,soil_moisture,44.632,%,30.111,102.234,simulated
S03,-825,2024-08-02T19:15:00+08:00,soil_moisture,45.493,%,30.111,102.234,simulated
S03,-820,2024-08-02T19:20:00+08:00,soil_moisture,46.263,%,30.111,102.234,simulated
S03,-815,2024-08-02T19:25:00+08:00,soil_moisture,45.543,%,30.111,102.234,simulated
S03,-810,2024-08-02T19:30:00+08:00,soil_moisture,44.109,%,30.111,102.234,simulated
S03,-805,2024-08-02T19:35:00+08:00,soil_moisture,43.618,%,30.111,102.234,simulated
S03,-800,2024-08-02T19:40:00+08:00,soil_moisture,45.155,%,30.111,102.234,simulated
S03,-795,2024-08-02T19:45:00+08:00,soil_moisture,44.433,%,30.111,102.234,simulated
S03,-790,2024-08-02T19:50:00+08:00,soil_moisture,44.846,%,30.111,102.234,simulated
S03,-785,2024-08-02T19:55:00+08:00,soil_moisture,45.53,%,30.111,102.234,simulated
S03,-780,2024-08-02T20:00:00+08:00,soil_moisture,44.196,%,30.111,102.234,simulated
S03,-775,2024-08-02T20:05:00+08:00,soil_moisture,45.656,%,30.111,102.234,simulated
S03,-770,2024-08-02T20:10:00+08:00,soil_moisture,43.934,%,30.111,102.234,simulated
S03,-765,2024-08-02T20:15:00+08:00,soil_moisture,44.25,%,30.111,102.234,simulated
S03,-760,2024-08-02T20:20:00+08:00,soil_moisture,44.866,%,30.111,102.234,simulated
S03,-755,2024-08-02T20:25:00+08:00,soil_moisture,43.812,%,30.111,102.234,simulated
S03,-750,2024-08-02T20:30:00+08:00,soil_moisture,44.245,%,30.111,102.234,simulated
S03,-745,2024-08-02T20:35:00+08:00,soil_moisture,45.433,%,30.111,102.234,simulated
S03,-740,2024-08-02T20:40:00+08:00,soil_moisture,45.571,%,30.111,102.234,simulated
S03,-735,2024-08-02T20:45:00+08:00,soil_moisture,44.201,%,30.111,102.234,simulated
S03,-730,2024-08-02T20:50:00+08:00,soil_moisture,44.439,%,30.111,102.234,simulated
S03,-725,2024-08-02T20:55:00+08:00,soil_moisture,44.921,%,30.111,102.234,simulated
S03,-720,2024-08-02T21:00:00+08:00,soil_moisture,44.158,%,30.111,102.234,simulated
S03,-715,2024-08-02T21:05:00+08:00,soil_moisture,45.574,%,30.111,102.234,simulated
S03,-710,2024-08-02T21:10:00+08:00,soil_moisture,46.385,%,30.111,102.234,simulated
S03,-705,2024-08-02T21:15:00+08:00,soil_moisture,45.072,%,30.111,102.234,simulated
S03,-700,2024-08-02T21:20:00+08:00,soil_moisture,45.196,%,30.111,102.234,simulated
S03,-695,2024-08-02T21:25:00+08:00,soil_moisture,44.673,%,30.111,102.234,simulated
S03,-690,2024-08-02T21:30:00+08:00,soil_moisture,45.209,%,30.111,102.234,simulated
S03,-685,2024-08-02T21:35:00+08:00,soil_moisture,44.953,%,30.111,102.234,simulated
S03,-680,2024-08-02T21:40:00+08:00,soil_moisture,44.332,%,30.111,102.234,simulated
S03,-675,2024-08-02T21:45:00+08:00,soil_moisture,45.097,%,30.111,102.234,simulated
S03,-670,2024-08-02T21:50:00+08:00,soil_moisture,44.986,%,30.111,102.234,simulated
S03,-665,2024-08-02T21:55:00+08:00,soil_moisture,45.829,%,30.111,102.234,simulated
S03,-660,2024-08-02T22:00:00+08:00,soil_moisture,44.418,%,30.111,102.234,simulated
S03,-655,2024-08-02T22:05:00+08:00,soil_moisture,45.069,%,30.111,102.234,simulated
S03,-650,2024-08-02T22:10:00+08:00,soil_moisture,44.78,%,30.111,102.234,simulated
S03,-645,2024-08-02T22:15:00+08:00,soil_moisture,44.658,%,30.111,102.234,simulated
S03,-640,2024-08-02T22:20:00+08:00,soil_moisture,44.935,%,30.111,102.234,simulated
S03,-635,2024-08-02T22:25:00+08:00,soil_moisture,45.194,%,30.111,102.234,simulated
S03,-630,2024-08-02T22:30:00+08:00,soil_moisture,45.31,%,30.111,102.234,simulated
S03,-625,2024-08-02T22:35:00+08:00,soil_moisture,44.458,%,30.111,102.234,simulated
S03,-620,2024-08-02T22:40:00+08:00,soil_moisture,44.487,%,30.111,102.234,simulated
S03,-615,2024-08-02T22:45:00+08:00,soil_moisture,44.826,%,30.111,102.234,simulated
S03,-610,2024-08-02T22:50:00+08:00,soil_moisture,45.631,%,30.111,102.234,simulated
S03,-605,2024-08-02T22:55:00+08:00,soil_moisture,45.41,%,30.111,102.234,simulated
S03,-600,2024-08-02T23:00:00+08:00,soil_moisture,45.176,%,30.111,102.234,simulated
S03,-595,2024-08-02T23:05:00+08:00,soil_moisture,46.107,%,30.111,102.234,simulated
S03,-590,2024-08-02T23:10:00+08:00,soil_moisture,46.251,%,30.111,102.234,simulated
S03,-585,2024-08-02T23:15:00+08:00,soil_moisture,44.425,%,30.111,102.234,simulated
S03,-580,2024-08-02T23:20:00+08:00,soil_moisture,45.335,%,30.111,102.234,simulated
S03,-575,2024-08-02T23:25:00+08:00,soil_moisture,44.011,%,30.111,102.234,simulated
S03,-570,2024-08-02T23:30:00+08:00,soil_moisture,43.962,%,30.111,102.234,simulated
S03,-565,2024-08-02T23:35:00+08:00,soil_moisture,45.332,%,30.111,102.234,simulated
S03,-560,2024-08-02T23:40:00+08:00,soil_moisture,44.597,%,30.111,102.234,simulated
S03,-555,2024-08-02T23:45:00+08:00,soil_moisture,45.059,%,30.111,102.234,simulated
S03,-550,2024-08-02T23:50:00+08:00,soil_moisture,46.323,%,30.111,102.234,simulated
S03,-545,2024-08-02T23:55:00+08:00,soil_moisture,46.026,%,30.111,102.234,simulated
S03,-540,2024-08-03T00:00:00+08:00,soil_moisture,44.829,%,30.111,102.234,simulated
S03,-535,2024-08-03T00:05:00+08:00,soil_moisture,44.261,%,30.111,102.234,simulated
S03,-530,2024-08-03T00:10:00+08:00,soil_moisture,45.77,%,30.111,102.234,simulated
S03,-525,2024-08-03T00:15:00+08:00,soil_moisture,44.854,%,30.111,102.234,simulated
S03,-520,2024-08-03T00:20:00+08:00,soil_moisture,45.131,%,30.111,102.234,simulated
S03,-515,2024-08-03T00:25:00+08:00,soil_moisture,45.42,%,30.111,102.234,simulated
S03,-510,2024-08-03T00:30:00+08:00,soil_moisture,44.632,%,30.111,102.234,simulated
S03,-505,2024-08-03T00:35:00+08:00,soil_moisture,44.085,%,30.111,102.234,simulated
S03,-500,2024-08-03T00:40:00+08:00,soil_moisture,43.016,%,30.111,102.234,simulated
S03,-495,2024-08-03T00:45:00+08:00,soil_moisture,45.488,%,30.111,102.234,simulated
S03,-490,2024-08-03T00:50:00+08:00,soil_moisture,44.627,%,30.111,102.234,simulated
S03,-485,2024-08-03T00:55:00+08:00,soil_moisture,44.392,%,30.111,102.234,simulated
S03,-480,2024-08-03T01:00:00+08:00,soil_moisture,44.312,%,30.111,102.234,simulated
S03,-475,2024-08-03T01:05:00+08:00,soil_moisture,45.175,%,30.111,102.234,simulated
S03,-470,2024-08-03T01:10:00+08:00,soil_moisture,43.408,%,30.111,102.234,simulated
S03,-465,2024-08-03T01:15:00+08:00,soil_moisture,45.828,%,30.111,102.234,simulated
S03,-460,2024-08-03T01:20:00+08:00,soil_moisture,44.771,%,30.111,102.234,simulated
S03,-455,2024-08-03T01:25:00+08:00,soil_moisture,44.839,%,30.111,102.234,simulated
S03,-450,2024-08-03T01:30:00+08:00,soil_moisture,44.111,%,30.111,102.234,simulated
S03,-445,2024-08-03T01:35:00+08:00,soil_moisture,44.938,%,30.111,102.234,simulated
S03,-440,2024-08-03T01:40:00+08:00,soil_moisture,45.271,%,30.111,102.234,simulated
S03,-435,2024-08-03T01:45:00+08:00,soil_moisture,45.789,%,30.111,102.234,simulated
S03,-430,2024-08-03T01:50:00+08:00,soil_moisture,45.779,%,30.111,102.234,simulated
S03,-425,2024-08-03T01:55:00+08:00,soil_moisture,45.318,%,30.111,102.234,simulated
S03,-420,2024-08-03T02:00:00+08:00,soil_moisture,45.86,%,30.111,102.234,simulated
S03,-415,2024-08-03T02:05:00+08:00,soil_moisture,45.042,%,30.111,102.234,simulated
S03,-410,2024-08-03T02:10:00+08:00,soil_moisture,44.83,%,30.111,102.234,simulated
S03,-405,2024-08-03T02:15:00+08:00,soil_moisture,45.364,%,30.111,102.234,simulated
S03,-400,2024-08-03T02:20:00+08:00,soil_moisture,45.942,%,30.111,102.234,simulated
S03,-395,2024-08-03T02:25:00+08:00,soil_moisture,46.038,%,30.111,102.234,simulated
S03,-390,2024-08-03T02:30:00+08:00,soil_moisture,45.726,%,30.111,102.234,simulated
S03,-385,2024-08-03T02:35:00+08:00,soil_moisture,44.747,%,30.111,102.234,simulated
S03,-380,2024-08-03T02:40:00+08:00,soil_moisture,45.337,%,30.111,102.234,simulated
S03,-375,2024-08-03T02:45:00+08:00,soil_moisture,45.763,%,30.111,102.234,simulated
S03,-370,2024-08-03T02:50:00+08:00,soil_moisture,45.734,%,30.111,102.234,simulated
S03,-365,2024-08-03T02:55:00+08:00,soil_moisture,45.018,%,30.111,102.234,simulated
S03,-360,2024-08-03T03:00:00+08:00,soil_moisture,44.697,%,30.111,102.234,simulated
S03,-355,2024-08-03T03:05:00+08:00,soil_moisture,44.736,%,30.111,102.234,simulated
S03,-350,2024-08-03T03:10:00+08:00,soil_moisture,45.295,%,30.111,102.234,simulated
S03,-345,2024-08-03T03:15:00+08:00,soil_moisture,44.499,%,30.111,102.234,simulated
S03,-340,2024-08-03T03:20:00+08:00,soil_moisture,45.855,%,30.111,102.234,simulated
S03,-335,2024-08-03T03:25:00+08:00,soil_moisture,45.105,%,30.111,102.234,simulated
S03,-330,2024-08-03T03:30:00+08:00,soil_moisture,45.036,%,30.111,102.234,simulated
S03,-325,2024-08-03T03:35:00+08:00,soil_moisture,45.194,%,30.111,102.234,simulated
S03,-320,2024-08-03T03:40:00+08:00,soil_moisture,46.12,%,30.111,102.234,simulated
S03,-315,2024-08-03T03:45:00+08:00,soil_moisture,44.794,%,30.111,102.234,simulated
S03,-310,2024-08-03T03:50:00+08:00,soil_moisture,44.883,%,30.111,102.234,simulated
S03,-305,2024-08-03T03:55:00+08:00,soil_moisture,45.446,%,30.111,102.234,simulated
S03,-300,2024-08-03T04:00:00+08:00,soil_moisture,46.244,%,30.111,102.234,simulated
S03,-295,2024-08-03T04:05:00+08:00,soil_moisture,45.565,%,30.111,102.234,simulated
S03,-290,2024-08-03T04:10:00+08:00,soil_moisture,46.141,%,30.111,102.234,simulated
S03,-285,2024-08-03T04:15:00+08:00,soil_moisture,45.129,%,30.111,102.234,simulated
S03,-280,2024-08-03T04:20:00+08:00,soil_moisture,44.631,%,30.111,102.234,simulated
S03,-275,2024-08-03T04:25:00+08:00,soil_moisture,45.137,%,30.111,102.234,simulated
S03,-270,2024-08-03T04:30:00+08:00,soil_moisture,46.01,%,30.111,102.234,simulated
S03,-265,2024-08-03T04:35:00+08:00,soil_moisture,44.638,%,30.111,102.234,simulated
S03,-260,2024-08-03T04:40:00+08:00,soil_moisture,46.168,%,30.111,102.234,simulated
S03,-255,2024-08-03T04:45:00+08:00,soil_moisture,46.34,%,30.111,102.234,simulated
S03,-250,2024-08-03T04:50:00+08:00,soil_moisture,45.057,%,30.111,102.234,simulated
S03,-245,2024-08-03T04:55:00+08:00,soil_moisture,45.05,%,30.111,102.234,simulated
S03,-240,2024-08-03T05:00:00+08:00,soil_moisture,45.746,%,30.111,102.234,simulated
S03,-235,2024-08-03T05:05:00+08:00,soil_moisture,46.165,%,30.111,102.234,simulated
S03,-230,2024-08-03T05:10:00+08:00,soil_moisture,46.717,%,30.111,102.234,simulated
S03,-225,2024-08-03T05:15:00+08:00,soil_moisture,46.065,%,30.111,102.234,simulated
S03,-220,2024-08-03T05:20:00+08:00,soil_moisture,45.753,%,30.111,102.234,simulated
S03,-215,2024-08-03T05:25:00+08:00,soil_moisture,46.446,%,30.111,102.234,simulated
S03,-210,2024-08-03T05:30:00+08:00,soil_moisture,45.798,%,30.111,102.234,simulated
S03,-205,2024-08-03T05:35:00+08:00,soil_moisture,46.923,%,30.111,102.234,simulated
S03,-200,2024-08-03T05:40:00+08:00,soil_moisture,47.554,%,30.111,102.234,simulated
S03,-195,2024-08-03T05:45:00+08:00,soil_moisture,47.697,%,30.111,102.234,simulated
S03,-190,2024-08-03T05:50:00+08:00,soil_moisture,48.357,%,30.111,102.234,simulated
S03,-185,2024-08-03T05:55:00+08:00,soil_moisture,48.591,%,30.111,102.234,simulated
S03,-180,2024-08-03T06:00:00+08:00,soil_moisture,48.463,%,30.111,102.234,simulated
S03,-175,2024-08-03T06:05:00+08:00,soil_moisture,48.358,%,30.111,102.234,simulated
S03,-170,2024-08-03T06:10:00+08:00,soil_moisture,49.117,%,30.111,102.234,simulated
S03,-165,2024-08-03T06:15:00+08:00,soil_moisture,50.673,%,30.111,102.234,simulated
S03,-160,2024-08-03T06:20:00+08:00,soil_moisture,50.351,%,30.111,102.234,simulated
S03,-155,2024-08-03T06:25:00+08:00,soil_moisture,49.351,%,30.111,102.234,simulated
S03,-150,2024-08-03T06:30:00+08:00,soil_moisture,51.441,%,30.111,102.234,simulated
S03,-145,2024-08-03T06:35:00+08:00,soil_moisture,50.313,%,30.111,102.234,simulated
S03,-140,2024-08-03T06:40:00+08:00,soil_moisture,52.147,%,30.111,102.234,simulated
S03,-135,2024-08-03T06:45:00+08:00,soil_moisture,52.72,%,30.111,102.234,simulated
S03,-130,2024-08-03T06:50:00+08:00,soil_moisture,54.086,%,30.111,102.234,simulated
S03,-125,2024-08-03T06:55:00+08:00,soil_moisture,54.591,%,30.111,102.234,simulated
S03,-120,2024-08-03T07:00:00+08:00,soil_moisture,56.377,%,30.111,102.234,simulated
S03,-115,2024-08-03T07:05:00+08:00,soil_moisture,55.862,%,30.111,102.234,simulated
S03,-110,2024-08-03T07:10:00+08:00,soil_moisture,55.324,%,30.111,102.234,simulated
S03,-105,2024-08-03T07:15:00+08:00,soil_moisture,57.184,%,30.111,102.234,simulated
S03,-100,2024-08-03T07:20:00+08:00,soil_moisture,59.105,%,30.111,102.234,simulated
S03,-95,2024-08-03T07:25:00+08:00,soil_moisture,59.519,%,30.111,102.234,simulated
S03,-90,2024-08-03T07:30:00+08:00,soil_moisture,59.396,%,30.111,102.234,simulated
S03,-85,2024-08-03T07:35:00+08:00,soil_moisture,61.172,%,30.111,102.234,simulated
S03,-80,2024-08-03T07:40:00+08:00,soil_moisture,63.505,%,30.111,102.234,simulated
S03,-75,2024-08-03T07:45:00+08:00,soil_moisture,63.127,%,30.111,102.234,simulated
S03,-70,2024-08-03T07:50:00+08:00,soil_moisture,64.994,%,30.111,102.234,simulated
S03,-65,2024-08-03T07:55:00+08:00,soil_moisture,65.638,%,30.111,102.234,simulated
S03,-60,2024-08-03T08:00:00+08:00,soil_moisture,66.175,%,30.111,102.234,simulated
S03,-55,2024-08-03T08:05:00+08:00,soil_moisture,67.246,%,30.111,102.234,simulated
S03,-50,2024-08-03T08:10:00+08:00,soil_moisture,68.33,%,30.111,102.234,simulated
S03,-45,2024-08-03T08:15:00+08:00,soil_moisture,69.809,%,30.111,102.234,simulated
S03,-40,2024-08-03T08:20:00+08:00,soil_moisture,69.83,%,30.111,102.234,simulated
S03,-35,2024-08-03T08:25:00+08:00,soil_moisture,70.849,%,30.111,102.234,simulated
S03,-30,2024-08-03T08:30:00+08:00,soil_moisture,71.148,%,30.111,102.234,simulated
S03,-25,2024-08-03T08:35:00+08:00,soil_moisture,73.148,%,30.111,102.234,simulated
S03,-20,2024-08-03T08:40:00+08:00,soil_moisture,72.725,%,30.111,102.234,simulated
S03,-15,2024-08-03T08:45:00+08:00,soil_moisture,73.855,%,30.111,102.234,simulated
S03,-10,2024-08-03T08:50:00+08:00,soil_moisture,75.101,%,30.111,102.234,simulated
S03,-5,2024-08-03T08:55:00+08:00,soil_moisture,76.126,%,30.111,102.234,simulated
S03,0,2024-08-03T09:00:00+08:00,soil_moisture,76.831,%,30.111,102.234,simulated
S03,5,2024-08-03T09:05:00+08:00,soil_moisture,76.844,%,30.111,102.234,simulated
S03,10,2024-08-03T09:10:00+08:00,soil_moisture,76.971,%,30.111,102.234,simulated
S03,15,2024-08-03T09:15:00+08:00,soil_moisture,77.694,%,30.111,102.234,simulated
S03,20,2024-08-03T09:20:00+08:00,soil_moisture,78.81,%,30.111,102.234,simulated
S03,25,2024-08-03T09:25:00+08:00,soil_moisture,78.357,%,30.111,102.234,simulated
S03,30,2024-08-03T09:30:00+08:00,soil_moisture,78.313,%,30.111,102.234,simulated
S03,35,2024-08-03T09:35:00+08:00,soil_moisture,78.019,%,30.111,102.234,simulated
S03,40,2024-08-03T09:40:00+08:00,soil_moisture,79.808,%,30.111,102.234,simulated
S03,45,2024-08-03T09:45:00+08:00,soil_moisture,79.184,%,30.111,102.234,simulated
S03,50,2024-08-03T09:50:00+08:00,soil_moisture,79.129,%,30.111,102.234,simulated
S03,55,2024-08-03T09:55:00+08:00,soil_moisture,77.992,%,30.111,102.234,simulated
S03,60,2024-08-03T10:00:00+08:00,soil_moisture,77.843,%,30.111,102.234,simulated
S03,65,2024-08-03T10:05:00+08:00,soil_moisture,78.941,%,30.111,102.234,simulated
S03,70,2024-08-03T10:10:00+08:00,soil_moisture,77.509,%,30.111,102.234,simulated
S03,75,2024-08-03T10:15:00+08:00,soil_moisture,76.414,%,30.111,102.234,simulated
S03,80,2024-08-03T10:20:00+08:00,soil_moisture,75.479,%,30.111,102.234,simulated
S03,85,2024-08-03T10:25:00+08:00,soil_moisture,76.214,%,30.111,102.234,simulated
S03,90,2024-08-03T10:30:00+08:00,soil_moisture,74.632,%,30.111,102.234,simulated
S03,95,2024-08-03T10:35:00+08:00,soil_moisture,74.281,%,30.111,102.234,simulated
S03,100,2024-08-03T10:40:00+08:00,soil_moisture,74.246,%,30.111,102.234,simulated
S03,105,2024-08-03T10:45:00+08:00,soil_moisture,72.798,%,30.111,102.234,simulated
S03,110,2024-08-03T10:50:00+08:00,soil_moisture,71.966,%,30.111,102.234,simulated
S03,115,2024-08-03T10:55:00+08:00,soil_moisture,70.737,%,30.111,102.234,simulated
S03,120,2024-08-03T11:00:00+08:00,soil_moisture,68.795,%,30.111,102.234,simulated
S03,125,2024-08-03T11:05:00+08:00,soil_moisture,69.6,%,30.111,102.234,simulated
S03,130,2024-08-03T11:10:00+08:00,soil_moisture,67.387,%,30.111,102.234,simulated
S03,135,2024-08-03T11:15:00+08:00,soil_moisture,67.813,%,30.111,102.234,simulated
S03,140,2024-08-03T11:20:00+08:00,soil_moisture,64.583,%,30.111,102.234,simulated
S03,145,2024-08-03T11:25:00+08:00,soil_moisture,64.571,%,30.111,102.234,simulated
S03,150,2024-08-03T11:30:00+08:00,soil_moisture,64.939,%,30.111,102.234,simulated
S03,155,2024-08-03T11:35:00+08:00,soil_moisture,63.79,%,30.111,102.234,simulated
S03,160,2024-08-03T11:40:00+08:00,soil_moisture,63.079,%,30.111,102.234,simulated
S03,165,2024-08-03T11:45:00+08:00,soil_moisture,60.458,%,30.111,102.234,simulated
S03,170,2024-08-03T11:50:00+08:00,soil_moisture,59.968,%,30.111,102.234,simulated
S03,175,2024-08-03T11:55:00+08:00,soil_moisture,58.377,%,30.111,102.234,simulated
S03,180,2024-08-03T12:00:00+08:00,soil_moisture,58.021,%,30.111,102.234,simulated
