seed,beta,completed,total_tasks,urgent_satisfaction,mean_response,p1_response,weighted_response,started_tasks,unmet,lateness,travel,reassignments,withdrawals,violations,solve_seconds,solver_calls,fallback_calls,region_gini,unserved_regions,region_waits
1,0,18,36,0.5454545454545454,29.772727272727273,34.4375,3067,22,38,156,347,13,19,0,3.160715700025321,31,0,0.2984444812179381,0,"[{""node"":""N3"",""tasks"":7,""started"":5,""wait"":18.6,""unstarted"":2},{""node"":""N4"",""tasks"":7,""started"":3,""wait"":15.666666666666666,""unstarted"":4},{""node"":""N5"",""tasks"":9,""started"":6,""wait"":22.166666666666668,""unstarted"":3},{""node"":""N6"",""tasks"":4,""started"":2,""wait"":29.0,""unstarted"":2},{""node"":""N7"",""tasks"":5,""started"":4,""wait"":46.0,""unstarted"":1},{""node"":""N8"",""tasks"":4,""started"":2,""wait"":70.0,""unstarted"":2}]"
1,1,20,36,0.5454545454545454,24.772727272727273,28.142857142857142,2423,22,35,72,340,20,25,0,3.12196280003991,31,0,0.18886022892148963,0,"[{""node"":""N3"",""tasks"":7,""started"":5,""wait"":20.0,""unstarted"":2},{""node"":""N4"",""tasks"":7,""started"":3,""wait"":16.333333333333332,""unstarted"":4},{""node"":""N5"",""tasks"":9,""started"":7,""wait"":27.857142857142858,""unstarted"":2},{""node"":""N6"",""tasks"":4,""started"":2,""wait"":14.0,""unstarted"":2},{""node"":""N7"",""tasks"":5,""started"":4,""wait"":34.5,""unstarted"":1},{""node"":""N8"",""tasks"":4,""started"":1,""wait"":35.0,""unstarted"":3}]"
1,2,18,36,0.5454545454545454,26.285714285714285,29.866666666666667,2552,21,38,109,342,21,22,0,3.381472700028098,31,0,0.2328945993941293,0,"[{""node"":""N3"",""tasks"":7,""started"":5,""wait"":20.8,""unstarted"":2},{""node"":""N4"",""tasks"":7,""started"":3,""wait"":16.0,""unstarted"":4},{""node"":""N5"",""tasks"":9,""started"":6,""wait"":23.0,""unstarted"":3},{""node"":""N6"",""tasks"":4,""started"":2,""wait"":16.0,""unstarted"":2},{""node"":""N7"",""tasks"":5,""started"":4,""wait"":48.75,""unstarted"":1},{""node"":""N8"",""tasks"":4,""started"":1,""wait"":35.0,""unstarted"":3}]"
1,5,18,36,0.6363636363636364,30.952380952380953,34.9375,3068,21,37,169,345,27,13,0,2.7131840999936685,31,0,0.2804248731401049,0,"[{""node"":""N3"",""tasks"":7,""started"":4,""wait"":19.25,""unstarted"":3},{""node"":""N4"",""tasks"":7,""started"":5,""wait"":26.2,""unstarted"":2},{""node"":""N5"",""tasks"":9,""started"":6,""wait"":32.833333333333336,""unstarted"":3},{""node"":""N6"",""tasks"":4,""started"":1,""wait"":15.0,""unstarted"":3},{""node"":""N7"",""tasks"":5,""started"":3,""wait"":29.0,""unstarted"":2},{""node"":""N8"",""tasks"":4,""started"":2,""wait"":71.5,""unstarted"":2}]"
1,10,19,36,0.5909090909090909,26.363636363636363,26.375,2584,22,35,139,316,15,25,0,3.2202027000312228,31,0,0.37029530978575564,0,"[{""node"":""N3"",""tasks"":7,""started"":4,""wait"":16.25,""unstarted"":3},{""node"":""N4"",""tasks"":7,""started"":4,""wait"":15.75,""unstarted"":3},{""node"":""N5"",""tasks"":9,""started"":8,""wait"":17.375,""unstarted"":1},{""node"":""N6"",""tasks"":4,""started"":1,""wait"":48.0,""unstarted"":3},{""node"":""N7"",""tasks"":5,""started"":3,""wait"":28.0,""unstarted"":2},{""node"":""N8"",""tasks"":4,""started"":2,""wait"":90.5,""unstarted"":2}]"
1,20,18,36,0.6818181818181818,22.19047619047619,23.58823529411765,2200,21,36,64,307,15,18,0,3.367195300088497,31,0,0.21790338298760964,1,"[{""node"":""N3"",""tasks"":7,""started"":4,""wait"":15.25,""unstarted"":3},{""node"":""N4"",""tasks"":7,""started"":5,""wait"":29.8,""unstarted"":2},{""node"":""N5"",""tasks"":9,""started"":6,""wait"":10.666666666666666,""unstarted"":3},{""node"":""N6"",""tasks"":4,""started"":3,""wait"":36.0,""unstarted"":1},{""node"":""N7"",""tasks"":5,""started"":3,""wait"":28.0,""unstarted"":2},{""node"":""N8"",""tasks"":4,""started"":0,""wait"":null,""unstarted"":4}]"
1,50,15,36,0.6363636363636364,23.38888888888889,23.6875,2021,18,42,42,307,10,38,0,4.691586999964784,31,0,0.12473468965160223,0,"[{""node"":""N3"",""tasks"":7,""started"":4,""wait"":27.0,""unstarted"":3},{""node"":""N4"",""tasks"":7,""started"":3,""wait"":18.666666666666668,""unstarted"":4},{""node"":""N5"",""tasks"":9,""started"":7,""wait"":19.142857142857142,""unstarted"":2},{""node"":""N6"",""tasks"":4,""started"":1,""wait"":30.0,""unstarted"":3},{""node"":""N7"",""tasks"":5,""started"":2,""wait"":34.5,""unstarted"":3},{""node"":""N8"",""tasks"":4,""started"":1,""wait"":24.0,""unstarted"":3}]"
5,0,19,36,0.6818181818181818,30.59090909090909,28.4375,2929,22,40,182,367,30,19,0,2.1658041000337107,30,0,0.17721253520282826,0,"[{""node"":""N3"",""tasks"":7,""started"":6,""wait"":27.833333333333332,""unstarted"":1},{""node"":""N4"",""tasks"":6,""started"":3,""wait"":19.0,""unstarted"":3},{""node"":""N5"",""tasks"":5,""started"":2,""wait"":39.5,""unstarted"":3},{""node"":""N6"",""tasks"":5,""started"":4,""wait"":19.0,""unstarted"":1},{""node"":""N7"",""tasks"":7,""started"":5,""wait"":44.6,""unstarted"":2},{""node"":""N8"",""tasks"":6,""started"":2,""wait"":35.5,""unstarted"":4}]"
5,1,18,36,0.5909090909090909,26.09090909090909,26.705882352941178,2630,22,43,82,374,26,18,0,2.236945199998445,30,0,0.14998991325398428,0,"[{""node"":""N3"",""tasks"":7,""started"":6,""wait"":20.833333333333332,""unstarted"":1},{""node"":""N4"",""tasks"":6,""started"":3,""wait"":22.0,""unstarted"":3},{""node"":""N5"",""tasks"":5,""started"":2,""wait"":39.5,""unstarted"":3},{""node"":""N6"",""tasks"":5,""started"":4,""wait"":19.0,""unstarted"":1},{""node"":""N7"",""tasks"":7,""started"":5,""wait"":33.4,""unstarted"":2},{""node"":""N8"",""tasks"":6,""started"":2,""wait"":30.5,""unstarted"":4}]"
5,2,17,36,0.5909090909090909,26.0,25.58823529411765,2586,22,44,82,373,29,13,0,2.34922579996055,30,0,0.21575783598110773,0,"[{""node"":""N3"",""tasks"":7,""started"":6,""wait"":20.5,""unstarted"":1},{""node"":""N4"",""tasks"":6,""started"":3,""wait"":21.666666666666668,""unstarted"":3},{""node"":""N5"",""tasks"":5,""started"":3,""wait"":36.333333333333336,""unstarted"":2},{""node"":""N6"",""tasks"":5,""started"":3,""wait"":8.666666666666666,""unstarted"":2},{""node"":""N7"",""tasks"":7,""started"":5,""wait"":37.6,""unstarted"":2},{""node"":""N8"",""tasks"":6,""started"":2,""wait"":30.5,""unstarted"":4}]"
5,5,17,36,0.5909090909090909,25.727272727272727,23.5,2450,22,44,76,373,20,21,0,2.631612600031076,30,0,0.21186440677966095,0,"[{""node"":""N3"",""tasks"":7,""started"":6,""wait"":20.5,""unstarted"":1},{""node"":""N4"",""tasks"":6,""started"":3,""wait"":21.666666666666668,""unstarted"":3},{""node"":""N5"",""tasks"":5,""started"":3,""wait"":34.666666666666664,""unstarted"":2},{""node"":""N6"",""tasks"":5,""started"":3,""wait"":8.666666666666666,""unstarted"":2},{""node"":""N7"",""tasks"":7,""started"":5,""wait"":37.4,""unstarted"":2},{""node"":""N8"",""tasks"":6,""started"":2,""wait"":30.5,""unstarted"":4}]"
5,10,17,36,0.5909090909090909,23.761904761904763,25.529411764705884,2365,21,44,54,361,21,19,0,2.6777418999845395,30,0,0.1996774805539745,0,"[{""node"":""N3"",""tasks"":7,""started"":6,""wait"":20.5,""unstarted"":1},{""node"":""N4"",""tasks"":6,""started"":3,""wait"":21.666666666666668,""unstarted"":3},{""node"":""N5"",""tasks"":5,""started"":3,""wait"":36.333333333333336,""unstarted"":2},{""node"":""N6"",""tasks"":5,""started"":3,""wait"":8.666666666666666,""unstarted"":2},{""node"":""N7"",""tasks"":7,""started"":4,""wait"":28.75,""unstarted"":3},{""node"":""N8"",""tasks"":6,""started"":2,""wait"":30.5,""unstarted"":4}]"
5,20,17,36,0.5909090909090909,24.571428571428573,25.0,2348,21,44,81,379,13,22,0,3.1050936999818077,30,0,0.1842894638170229,0,"[{""node"":""N3"",""tasks"":7,""started"":6,""wait"":26.333333333333332,""unstarted"":1},{""node"":""N4"",""tasks"":6,""started"":4,""wait"":23.0,""unstarted"":2},{""node"":""N5"",""tasks"":5,""started"":3,""wait"":36.333333333333336,""unstarted"":2},{""node"":""N6"",""tasks"":5,""started"":3,""wait"":8.666666666666666,""unstarted"":2},{""node"":""N7"",""tasks"":7,""started"":3,""wait"":23.333333333333332,""unstarted"":4},{""node"":""N8"",""tasks"":6,""started"":2,""wait"":30.5,""unstarted"":4}]"
5,50,14,36,0.5909090909090909,16.333333333333332,16.857142857142858,1207,15,51,28,308,2,23,0,3.3466234999796143,30,0,0.20542635658914726,0,"[{""node"":""N3"",""tasks"":7,""started"":3,""wait"":14.0,""unstarted"":4},{""node"":""N4"",""tasks"":6,""started"":2,""wait"":11.5,""unstarted"":4},{""node"":""N5"",""tasks"":5,""started"":1,""wait"":21.0,""unstarted"":4},{""node"":""N6"",""tasks"":5,""started"":4,""wait"":8.75,""unstarted"":1},{""node"":""N7"",""tasks"":7,""started"":2,""wait"":22.0,""unstarted"":5},{""node"":""N8"",""tasks"":6,""started"":3,""wait"":26.666666666666668,""unstarted"":3}]"
4,0,17,36,0.4782608695652174,27.055555555555557,25.0,2061,18,48,118,318,29,16,0,2.4749086999800056,30,0,0.339641282869737,0,"[{""node"":""N3"",""tasks"":5,""started"":3,""wait"":15.0,""unstarted"":2},{""node"":""N4"",""tasks"":8,""started"":5,""wait"":32.2,""unstarted"":3},{""node"":""N5"",""tasks"":6,""started"":3,""wait"":13.333333333333334,""unstarted"":3},{""node"":""N6"",""tasks"":4,""started"":1,""wait"":8.0,""unstarted"":3},{""node"":""N7"",""tasks"":8,""started"":3,""wait"":23.0,""unstarted"":5},{""node"":""N8"",""tasks"":5,""started"":3,""wait"":54.666666666666664,""unstarted"":2}]"
4,1,18,36,0.5217391304347826,23.94736842105263,22.076923076923077,1939,19,45,78,346,26,23,0,2.7392220000183443,30,0,0.2799227799227799,0,"[{""node"":""N3"",""tasks"":5,""started"":2,""wait"":11.0,""unstarted"":3},{""node"":""N4"",""tasks"":8,""started"":4,""wait"":19.0,""unstarted"":4},{""node"":""N5"",""tasks"":6,""started"":4,""wait"":24.5,""unstarted"":2},{""node"":""N6"",""tasks"":4,""started"":1,""wait"":8.0,""unstarted"":3},{""node"":""N7"",""tasks"":8,""started"":5,""wait"":25.0,""unstarted"":3},{""node"":""N8"",""tasks"":5,""started"":3,""wait"":42.0,""unstarted"":2}]"
4,2,16,36,0.5217391304347826,24.0,20.615384615384617,1832,18,49,93,332,17,23,0,2.5035986000148114,30,0,0.27018153727307836,0,"[{""node"":""N3"",""tasks"":5,""started"":2,""wait"":11.0,""unstarted"":3},{""node"":""N4"",""tasks"":8,""started"":4,""wait"":19.0,""unstarted"":4},{""node"":""N5"",""tasks"":6,""started"":4,""wait"":15.5,""unstarted"":2},{""node"":""N6"",""tasks"":4,""started"":2,""wait"":23.0,""unstarted"":2},{""node"":""N7"",""tasks"":8,""started"":3,""wait"":23.0,""unstarted"":5},{""node"":""N8"",""tasks"":5,""started"":3,""wait"":52.333333333333336,""unstarted"":2}]"
4,5,16,36,0.5652173913043478,22.736842105263158,19.466666666666665,1880,19,49,95,343,13,28,0,2.793932999964454,30,0,0.34597701149425286,0,"[{""node"":""N3"",""tasks"":5,""started"":5,""wait"":11.0,""unstarted"":0},{""node"":""N4"",""tasks"":8,""started"":5,""wait"":16.0,""unstarted"":3},{""node"":""N5"",""tasks"":6,""started"":2,""wait"":10.0,""unstarted"":4},{""node"":""N6"",""tasks"":4,""started"":2,""wait"":23.0,""unstarted"":2},{""node"":""N7"",""tasks"":8,""started"":2,""wait"":24.0,""unstarted"":6},{""node"":""N8"",""tasks"":5,""started"":3,""wait"":61.0,""unstarted"":2}]"
4,10,16,36,0.5652173913043478,22.736842105263158,19.466666666666665,1880,19,49,95,343,15,28,0,2.780706499979715,30,0,0.34597701149425286,0,"[{""node"":""N3"",""tasks"":5,""started"":5,""wait"":11.0,""unstarted"":0},{""node"":""N4"",""tasks"":8,""started"":5,""wait"":16.0,""unstarted"":3},{""node"":""N5"",""tasks"":6,""started"":2,""wait"":10.0,""unstarted"":4},{""node"":""N6"",""tasks"":4,""started"":2,""wait"":23.0,""unstarted"":2},{""node"":""N7"",""tasks"":8,""started"":2,""wait"":24.0,""unstarted"":6},{""node"":""N8"",""tasks"":5,""started"":3,""wait"":61.0,""unstarted"":2}]"
4,20,17,36,0.5652173913043478,22.894736842105264,20.0,1905,19,48,90,319,11,14,0,3.3391352999169612,30,0,0.32856051928216873,0,"[{""node"":""N3"",""tasks"":5,""started"":3,""wait"":9.666666666666666,""unstarted"":2},{""node"":""N4"",""tasks"":8,""started"":5,""wait"":16.0,""unstarted"":3},{""node"":""N5"",""tasks"":6,""started"":4,""wait"":13.5,""unstarted"":2},{""node"":""N6"",""tasks"":4,""started"":2,""wait"":23.0,""unstarted"":2},{""node"":""N7"",""tasks"":8,""started"":2,""wait"":24.0,""unstarted"":6},{""node"":""N8"",""tasks"":5,""started"":3,""wait"":59.333333333333336,""unstarted"":2}]"
4,50,13,36,0.5217391304347826,25.0,20.692307692307693,1663,15,54,97,291,2,19,0,4.0956895999697736,30,0,0.3305291723202172,1,"[{""node"":""N3"",""tasks"":5,""started"":3,""wait"":12.666666666666666,""unstarted"":2},{""node"":""N4"",""tasks"":8,""started"":4,""wait"":22.5,""unstarted"":4},{""node"":""N5"",""tasks"":6,""started"":3,""wait"":13.0,""unstarted"":3},{""node"":""N6"",""tasks"":4,""started"":2,""wait"":16.0,""unstarted"":2},{""node"":""N7"",""tasks"":8,""started"":0,""wait"":null,""unstarted"":8},{""node"":""N8"",""tasks"":5,""started"":3,""wait"":58.666666666666664,""unstarted"":2}]"
0,0,16,36,0.44,30.95,33.6,2865,20,46,120,283,29,25,0,3.4334695999859832,34,0,0.18558106888599207,1,"[{""node"":""N3"",""tasks"":7,""started"":4,""wait"":32.25,""unstarted"":3},{""node"":""N4"",""tasks"":5,""started"":3,""wait"":19.666666666666668,""unstarted"":2},{""node"":""N5"",""tasks"":5,""started"":2,""wait"":56.5,""unstarted"":3},{""node"":""N6"",""tasks"":7,""started"":5,""wait"":28.8,""unstarted"":2},{""node"":""N7"",""tasks"":7,""started"":6,""wait"":29.0,""unstarted"":1},{""node"":""N8"",""tasks"":5,""started"":0,""wait"":null,""unstarted"":5}]"
0,1,16,36,0.4,31.77777777777778,31.416666666666668,2470,18,47,134,330,30,35,0,3.8692698000231758,34,0,0.23816834819905447,0,"[{""node"":""N3"",""tasks"":7,""started"":4,""wait"":32.0,""unstarted"":3},{""node"":""N4"",""tasks"":5,""started"":3,""wait"":30.0,""unstarted"":2},{""node"":""N5"",""tasks"":5,""started"":2,""wait"":37.5,""unstarted"":3},{""node"":""N6"",""tasks"":7,""started"":3,""wait"":21.666666666666668,""unstarted"":4},{""node"":""N7"",""tasks"":7,""started"":5,""wait"":26.8,""unstarted"":2},{""node"":""N8"",""tasks"":5,""started"":1,""wait"":80.0,""unstarted"":4}]"
0,2,16,36,0.48,33.36842105263158,38.2,3048,19,46,167,360,28,35,0,3.747785799962003,34,0,0.13933503836317132,1,"[{""node"":""N3"",""tasks"":7,""started"":4,""wait"":27.75,""unstarted"":3},{""node"":""N4"",""tasks"":5,""started"":3,""wait"":30.0,""unstarted"":2},{""node"":""N5"",""tasks"":5,""started"":3,""wait"":44.333333333333336,""unstarted"":2},{""node"":""N6"",""tasks"":7,""started"":3,""wait"":21.666666666666668,""unstarted"":4},{""node"":""N7"",""tasks"":7,""started"":6,""wait"":39.166666666666664,""unstarted"":1},{""node"":""N8"",""tasks"":5,""started"":0,""wait"":null,""unstarted"":5}]"
0,5,16,36,0.48,33.31578947368421,38.13333333333333,3043,19,46,174,348,35,30,0,3.809503799988306,34,0,0.07357251136937845,1,"[{""node"":""N3"",""tasks"":7,""started"":4,""wait"":27.75,""unstarted"":3},{""node"":""N4"",""tasks"":5,""started"":3,""wait"":30.0,""unstarted"":2},{""node"":""N5"",""tasks"":5,""started"":2,""wait"":37.5,""unstarted"":3},{""node"":""N6"",""tasks"":7,""started"":4,""wait"":30.5,""unstarted"":3},{""node"":""N7"",""tasks"":7,""started"":6,""wait"":39.166666666666664,""unstarted"":1},{""node"":""N8"",""tasks"":5,""started"":0,""wait"":null,""unstarted"":5}]"
0,10,12,36,0.36,37.470588235294116,34.833333333333336,2747,17,53,246,332,32,45,0,5.709190599969588,34,0,0.32302146210596916,0,"[{""node"":""N3"",""tasks"":7,""started"":4,""wait"":16.0,""unstarted"":3},{""node"":""N4"",""tasks"":5,""started"":3,""wait"":30.666666666666668,""unstarted"":2},{""node"":""N5"",""tasks"":5,""started"":2,""wait"":51.0,""unstarted"":3},{""node"":""N6"",""tasks"":7,""started"":2,""wait"":22.0,""unstarted"":5},{""node"":""N7"",""tasks"":7,""started"":5,""wait"":47.4,""unstarted"":2},{""node"":""N8"",""tasks"":5,""started"":1,""wait"":98.0,""unstarted"":4}]"
0,20,16,36,0.52,29.444444444444443,29.666666666666668,2480,18,46,99,343,30,33,0,4.578923200024292,34,0,0.2299156679982246,1,"[{""node"":""N3"",""tasks"":7,""started"":3,""wait"":20.0,""unstarted"":4},{""node"":""N4"",""tasks"":5,""started"":4,""wait"":18.0,""unstarted"":1},{""node"":""N5"",""tasks"":5,""started"":2,""wait"":36.5,""unstarted"":3},{""node"":""N6"",""tasks"":7,""started"":2,""wait"":56.0,""unstarted"":5},{""node"":""N7"",""tasks"":7,""started"":7,""wait"":30.428571428571427,""unstarted"":0},{""node"":""N8"",""tasks"":5,""started"":0,""wait"":null,""unstarted"":5}]"
0,50,13,36,0.44,33.06666666666667,23.75,2058,15,52,138,314,10,46,0,5.574873600067804,34,0,0.4018334055146528,0,"[{""node"":""N3"",""tasks"":7,""started"":3,""wait"":11.333333333333334,""unstarted"":4},{""node"":""N4"",""tasks"":5,""started"":3,""wait"":34.666666666666664,""unstarted"":2},{""node"":""N5"",""tasks"":5,""started"":2,""wait"":19.5,""unstarted"":3},{""node"":""N6"",""tasks"":7,""started"":1,""wait"":19.0,""unstarted"":6},{""node"":""N7"",""tasks"":7,""started"":5,""wait"":38.4,""unstarted"":2},{""node"":""N8"",""tasks"":5,""started"":1,""wait"":108.0,""unstarted"":4}]"
2,0,18,36,0.55,28.15,31.46153846153846,2507,20,39,126,318,20,21,0,3.4677535999799147,28,0,0.13733528550512444,1,"[{""node"":""N3"",""tasks"":7,""started"":5,""wait"":24.6,""unstarted"":2},{""node"":""N4"",""tasks"":6,""started"":4,""wait"":36.25,""unstarted"":2},{""node"":""N5"",""tasks"":6,""started"":4,""wait"":17.25,""unstarted"":2},{""node"":""N6"",""tasks"":6,""started"":0,""wait"":null,""unstarted"":6},{""node"":""N7"",""tasks"":4,""started"":1,""wait"":25.0,""unstarted"":3},{""node"":""N8"",""tasks"":7,""started"":6,""wait"":33.5,""unstarted"":1}]"
2,1,17,36,0.45,30.7,32.166666666666664,2614,20,41,148,335,18,27,0,3.6351436999830185,28,0,0.27450980392156865,1,"[{""node"":""N3"",""tasks"":7,""started"":4,""wait"":15.75,""unstarted"":3},{""node"":""N4"",""tasks"":6,""started"":4,""wait"":38.75,""unstarted"":2},{""node"":""N5"",""tasks"":6,""started"":3,""wait"":12.0,""unstarted"":3},{""node"":""N6"",""tasks"":6,""started"":0,""wait"":null,""unstarted"":6},{""node"":""N7"",""tasks"":4,""started"":3,""wait"":53.0,""unstarted"":1},{""node"":""N8"",""tasks"":7,""started"":6,""wait"":33.5,""unstarted"":1}]"
2,2,18,36,0.55,28.65,32.23076923076923,2557,20,39,133,304,37,26,0,4.031356900042738,28,0,0.1399492937341543,1,"[{""node"":""N3"",""tasks"":7,""started"":5,""wait"":24.6,""unstarted"":2},{""node"":""N4"",""tasks"":6,""started"":5,""wait"":35.0,""unstarted"":1},{""node"":""N5"",""tasks"":6,""started"":4,""wait"":17.25,""unstarted"":2},{""node"":""N6"",""tasks"":6,""started"":0,""wait"":null,""unstarted"":6},{""node"":""N7"",""tasks"":4,""started"":1,""wait"":25.0,""unstarted"":3},{""node"":""N8"",""tasks"":7,""started"":5,""wait"":36.2,""unstarted"":2}]"
2,5,18,36,0.55,28.65,32.23076923076923,2557,20,39,133,304,33,28,0,4.154235299982247,28,0,0.1399492937341543,1,"[{""node"":""N3"",""tasks"":7,""started"":5,""wait"":24.6,""unstarted"":2},{""node"":""N4"",""tasks"":6,""started"":5,""wait"":35.0,""unstarted"":1},{""node"":""N5"",""tasks"":6,""started"":4,""wait"":17.25,""unstarted"":2},{""node"":""N6"",""tasks"":6,""started"":0,""wait"":null,""unstarted"":6},{""node"":""N7"",""tasks"":4,""started"":1,""wait"":25.0,""unstarted"":3},{""node"":""N8"",""tasks"":7,""started"":5,""wait"":36.2,""unstarted"":2}]"
2,10,16,36,0.5,34.526315789473685,35.92307692307692,2902,19,42,207,312,27,43,0,4.418818899997859,28,0,0.20360663921128164,0,"[{""node"":""N3"",""tasks"":7,""started"":4,""wait"":29.0,""unstarted"":3},{""node"":""N4"",""tasks"":6,""started"":6,""wait"":37.666666666666664,""unstarted"":0},{""node"":""N5"",""tasks"":6,""started"":3,""wait"":24.666666666666668,""unstarted"":3},{""node"":""N6"",""tasks"":6,""started"":1,""wait"":70.0,""unstarted"":5},{""node"":""N7"",""tasks"":4,""started"":1,""wait"":25.0,""unstarted"":3},{""node"":""N8"",""tasks"":7,""started"":4,""wait"":36.25,""unstarted"":3}]"
2,20,17,36,0.6,30.894736842105264,34.142857142857146,2717,19,39,141,309,24,24,0,4.3828184999438236,28,0,0.16207203201422848,0,"[{""node"":""N3"",""tasks"":7,""started"":4,""wait"":33.75,""unstarted"":3},{""node"":""N4"",""tasks"":6,""started"":6,""wait"":30.833333333333332,""unstarted"":0},{""node"":""N5"",""tasks"":6,""started"":3,""wait"":24.666666666666668,""unstarted"":3},{""node"":""N6"",""tasks"":6,""started"":2,""wait"":51.5,""unstarted"":4},{""node"":""N7"",""tasks"":4,""started"":1,""wait"":25.0,""unstarted"":3},{""node"":""N8"",""tasks"":7,""started"":3,""wait"":21.666666666666668,""unstarted"":4}]"
2,50,15,36,0.45,30.0,25.454545454545453,2090,17,44,156,325,9,34,0,4.55121090002649,28,0,0.3120643431635388,1,"[{""node"":""N3"",""tasks"":7,""started"":3,""wait"":10.0,""unstarted"":4},{""node"":""N4"",""tasks"":6,""started"":5,""wait"":37.4,""unstarted"":1},{""node"":""N5"",""tasks"":6,""started"":2,""wait"":15.0,""unstarted"":4},{""node"":""N6"",""tasks"":6,""started"":0,""wait"":null,""unstarted"":6},{""node"":""N7"",""tasks"":4,""started"":2,""wait"":57.0,""unstarted"":2},{""node"":""N8"",""tasks"":7,""started"":5,""wait"":29.8,""unstarted"":2}]"
3,0,18,36,0.5217391304347826,28.736842105263158,30.46153846153846,2430,19,45,181,430,13,36,0,3.796271799976239,29,1,0.25362028025818534,0,"[{""node"":""N3"",""tasks"":6,""started"":4,""wait"":18.75,""unstarted"":2},{""node"":""N4"",""tasks"":7,""started"":5,""wait"":30.2,""unstarted"":2},{""node"":""N5"",""tasks"":5,""started"":2,""wait"":12.5,""unstarted"":3},{""node"":""N6"",""tasks"":4,""started"":3,""wait"":51.666666666666664,""unstarted"":1},{""node"":""N7"",""tasks"":6,""started"":2,""wait"":19.0,""unstarted"":4},{""node"":""N8"",""tasks"":8,""started"":3,""wait"":34.0,""unstarted"":5}]"
3,1,17,36,0.43478260869565216,29.0,22.916666666666668,2290,20,47,168,373,20,34,0,3.2379693000693806,29,0,0.2758953782137019,0,"[{""node"":""N3"",""tasks"":6,""started"":5,""wait"":16.0,""unstarted"":1},{""node"":""N4"",""tasks"":7,""started"":4,""wait"":14.25,""unstarted"":3},{""node"":""N5"",""tasks"":5,""started"":2,""wait"":27.0,""unstarted"":3},{""node"":""N6"",""tasks"":4,""started"":3,""wait"":39.0,""unstarted"":1},{""node"":""N7"",""tasks"":6,""started"":3,""wait"":28.666666666666668,""unstarted"":3},{""node"":""N8"",""tasks"":8,""started"":3,""wait"":62.0,""unstarted"":5}]"
3,2,16,36,0.34782608695652173,30.5,29.916666666666668,2548,20,50,180,361,8,30,0,4.058701599948108,29,0,0.16374457875795886,0,"[{""node"":""N3"",""tasks"":6,""started"":4,""wait"":18.75,""unstarted"":2},{""node"":""N4"",""tasks"":7,""started"":5,""wait"":33.2,""unstarted"":2},{""node"":""N5"",""tasks"":5,""started"":2,""wait"":27.0,""unstarted"":3},{""node"":""N6"",""tasks"":4,""started"":2,""wait"":35.0,""unstarted"":2},{""node"":""N7"",""tasks"":6,""started"":3,""wait"":21.666666666666668,""unstarted"":3},{""node"":""N8"",""tasks"":8,""started"":4,""wait"":45.0,""unstarted"":4}]"
3,5,18,36,0.5217391304347826,28.63157894736842,30.307692307692307,2420,19,45,179,430,18,40,0,3.8234900000097696,29,2,0.2526275141868976,0,"[{""node"":""N3"",""tasks"":6,""started"":4,""wait"":18.75,""unstarted"":2},{""node"":""N4"",""tasks"":7,""started"":5,""wait"":30.2,""unstarted"":2},{""node"":""N5"",""tasks"":5,""started"":2,""wait"":12.5,""unstarted"":3},{""node"":""N6"",""tasks"":4,""started"":3,""wait"":51.666666666666664,""unstarted"":1},{""node"":""N7"",""tasks"":6,""started"":2,""wait"":19.0,""unstarted"":4},{""node"":""N8"",""tasks"":8,""started"":3,""wait"":33.333333333333336,""unstarted"":5}]"
3,10,16,36,0.43478260869565216,30.27777777777778,24.272727272727273,2169,18,50,126,404,7,30,0,4.417744099991978,29,0,0.21741778319123023,0,"[{""node"":""N3"",""tasks"":6,""started"":5,""wait"":22.2,""unstarted"":1},{""node"":""N4"",""tasks"":7,""started"":2,""wait"":21.0,""unstarted"":5},{""node"":""N5"",""tasks"":5,""started"":2,""wait"":17.0,""unstarted"":3},{""node"":""N6"",""tasks"":4,""started"":2,""wait"":35.0,""unstarted"":2},{""node"":""N7"",""tasks"":6,""started"":2,""wait"":19.0,""unstarted"":4},{""node"":""N8"",""tasks"":8,""started"":5,""wait"":50.0,""unstarted"":3}]"
3,20,17,36,0.6086956521739131,27.58823529411765,27.142857142857142,2167,17,46,129,430,6,34,0,4.3230014000000665,29,1,0.2455249153362361,0,"[{""node"":""N3"",""tasks"":6,""started"":5,""wait"":28.0,""unstarted"":1},{""node"":""N4"",""tasks"":7,""started"":4,""wait"":20.25,""unstarted"":3},{""node"":""N5"",""tasks"":5,""started"":2,""wait"":14.0,""unstarted"":3},{""node"":""N6"",""tasks"":4,""started"":2,""wait"":53.0,""unstarted"":2},{""node"":""N7"",""tasks"":6,""started"":2,""wait"":20.0,""unstarted"":4},{""node"":""N8"",""tasks"":8,""started"":2,""wait"":37.0,""unstarted"":6}]"
3,50,13,36,0.43478260869565216,37.57142857142857,34.27272727272727,2332,14,54,183,401,3,40,0,4.874984400012181,29,1,0.22517527087316763,0,"[{""node"":""N3"",""tasks"":6,""started"":4,""wait"":33.75,""unstarted"":2},{""node"":""N4"",""tasks"":7,""started"":3,""wait"":39.666666666666664,""unstarted"":4},{""node"":""N5"",""tasks"":5,""started"":1,""wait"":17.0,""unstarted"":4},{""node"":""N6"",""tasks"":4,""started"":2,""wait"":21.5,""unstarted"":2},{""node"":""N7"",""tasks"":6,""started"":2,""wait"":60.0,""unstarted"":4},{""node"":""N8"",""tasks"":8,""started"":2,""wait"":46.0,""unstarted"":6}]"
10,0,20,36,0.5909090909090909,31.73913043478261,35.1875,3316,23,35,191,338,19,20,0,2.3092287999897962,27,0,0.29369300911854107,0,"[{""node"":""N3"",""tasks"":5,""started"":4,""wait"":11.25,""unstarted"":1},{""node"":""N4"",""tasks"":6,""started"":4,""wait"":30.0,""unstarted"":2},{""node"":""N5"",""tasks"":5,""started"":4,""wait"":34.25,""unstarted"":1},{""node"":""N6"",""tasks"":6,""started"":2,""wait"":68.0,""unstarted"":4},{""node"":""N7"",""tasks"":8,""started"":6,""wait"":21.5,""unstarted"":2},{""node"":""N8"",""tasks"":6,""started"":3,""wait"":54.333333333333336,""unstarted"":3}]"
10,1,19,36,0.5909090909090909,31.565217391304348,34.375,3278,23,37,170,360,27,20,0,2.3317613000253914,27,0,0.24591439688715958,0,"[{""node"":""N3"",""tasks"":5,""started"":4,""wait"":16.75,""unstarted"":1},{""node"":""N4"",""tasks"":6,""started"":4,""wait"":29.5,""unstarted"":2},{""node"":""N5"",""tasks"":5,""started"":4,""wait"":34.25,""unstarted"":1},{""node"":""N6"",""tasks"":6,""started"":2,""wait"":61.0,""unstarted"":4},{""node"":""N7"",""tasks"":8,""started"":6,""wait"":21.333333333333332,""unstarted"":2},{""node"":""N8"",""tasks"":6,""started"":3,""wait"":51.333333333333336,""unstarted"":3}]"
10,2,20,36,0.6363636363636364,28.545454545454547,29.25,2820,22,35,169,343,26,16,0,2.1686731000518193,27,0,0.39341085271317827,0,"[{""node"":""N3"",""tasks"":5,""started"":3,""wait"":6.0,""unstarted"":2},{""node"":""N4"",""tasks"":6,""started"":4,""wait"":17.75,""unstarted"":2},{""node"":""N5"",""tasks"":5,""started"":4,""wait"":24.25,""unstarted"":1},{""node"":""N6"",""tasks"":6,""started"":2,""wait"":80.0,""unstarted"":4},{""node"":""N7"",""tasks"":8,""started"":6,""wait"":21.333333333333332,""unstarted"":2},{""node"":""N8"",""tasks"":6,""started"":3,""wait"":51.333333333333336,""unstarted"":3}]"
10,5,19,36,0.6363636363636364,28.863636363636363,32.294117647058826,3003,22,37,163,335,16,16,0,2.147407900018152,27,0,0.3770423284444106,0,"[{""node"":""N3"",""tasks"":5,""started"":3,""wait"":6.0,""unstarted"":2},{""node"":""N4"",""tasks"":6,""started"":5,""wait"":30.4,""unstarted"":1},{""node"":""N5"",""tasks"":5,""started"":4,""wait"":24.25,""unstarted"":1},{""node"":""N6"",""tasks"":6,""started"":1,""wait"":86.0,""unstarted"":5},{""node"":""N7"",""tasks"":8,""started"":6,""wait"":21.333333333333332,""unstarted"":2},{""node"":""N8"",""tasks"":6,""started"":3,""wait"":51.333333333333336,""unstarted"":3}]"
10,10,18,36,0.6363636363636364,29.38095238095238,31.9375,2873,21,38,126,333,9,22,0,2.134621999997762,27,0,0.3217304441370831,0,"[{""node"":""N3"",""tasks"":5,""started"":2,""wait"":18.5,""unstarted"":3},{""node"":""N4"",""tasks"":6,""started"":5,""wait"":24.6,""unstarted"":1},{""node"":""N5"",""tasks"":5,""started"":4,""wait"":22.0,""unstarted"":1},{""node"":""N6"",""tasks"":6,""started"":1,""wait"":86.0,""unstarted"":5},{""node"":""N7"",""tasks"":8,""started"":5,""wait"":19.8,""unstarted"":3},{""node"":""N8"",""tasks"":6,""started"":4,""wait"":46.0,""unstarted"":2}]"
10,20,18,36,0.6818181818181818,27.61904761904762,29.647058823529413,2748,21,38,126,334,9,15,0,2.3703904000285547,27,0,0.3550275215132956,0,"[{""node"":""N3"",""tasks"":5,""started"":3,""wait"":14.0,""unstarted"":2},{""node"":""N4"",""tasks"":6,""started"":5,""wait"":23.6,""unstarted"":1},{""node"":""N5"",""tasks"":5,""started"":4,""wait"":20.25,""unstarted"":1},{""node"":""N6"",""tasks"":6,""started"":1,""wait"":86.0,""unstarted"":5},{""node"":""N7"",""tasks"":8,""started"":5,""wait"":19.8,""unstarted"":3},{""node"":""N8"",""tasks"":6,""started"":3,""wait"":51.333333333333336,""unstarted"":3}]"
10,50,17,36,0.6363636363636364,22.705882352941178,20.285714285714285,1726,17,38,70,317,4,15,0,3.282317399949534,27,0,0.27893123083661847,1,"[{""node"":""N3"",""tasks"":5,""started"":4,""wait"":8.75,""unstarted"":1},{""node"":""N4"",""tasks"":6,""started"":5,""wait"":17.4,""unstarted"":1},{""node"":""N5"",""tasks"":5,""started"":2,""wait"":17.5,""unstarted"":3},{""node"":""N6"",""tasks"":6,""started"":0,""wait"":null,""unstarted"":6},{""node"":""N7"",""tasks"":8,""started"":4,""wait"":44.0,""unstarted"":4},{""node"":""N8"",""tasks"":6,""started"":2,""wait"":26.5,""unstarted"":4}]"
6,0,18,36,0.631578947368421,31.545454545454547,34.6,3120,22,43,215,404,21,34,0,3.6477937000308884,29,0,0.1998208906618904,1,"[{""node"":""N3"",""tasks"":5,""started"":4,""wait"":30.0,""unstarted"":1},{""node"":""N4"",""tasks"":11,""started"":9,""wait"":34.77777777777778,""unstarted"":2},{""node"":""N5"",""tasks"":5,""started"":2,""wait"":20.0,""unstarted"":3},{""node"":""N6"",""tasks"":7,""started"":2,""wait"":12.5,""unstarted"":5},{""node"":""N7"",""tasks"":5,""started"":5,""wait"":39.2,""unstarted"":0},{""node"":""N8"",""tasks"":3,""started"":0,""wait"":null,""unstarted"":3}]"
6,1,18,36,0.6842105263157895,30.333333333333332,24.714285714285715,2603,21,43,231,342,30,35,0,4.028987499958021,29,0,0.3267970007458878,0,"[{""node"":""N3"",""tasks"":5,""started"":3,""wait"":33.666666666666664,""unstarted"":2},{""node"":""N4"",""tasks"":11,""started"":9,""wait"":27.444444444444443,""unstarted"":2},{""node"":""N5"",""tasks"":5,""started"":2,""wait"":19.0,""unstarted"":3},{""node"":""N6"",""tasks"":7,""started"":2,""wait"":39.0,""unstarted"":5},{""node"":""N7"",""tasks"":5,""started"":4,""wait"":18.75,""unstarted"":1},{""node"":""N8"",""tasks"":3,""started"":1,""wait"":98.0,""unstarted"":2}]"
6,2,18,36,0.6842105263157895,30.428571428571427,24.785714285714285,2611,21,43,233,340,29,36,0,3.9129610999516444,29,0,0.3263325097070244,0,"[{""node"":""N3"",""tasks"":5,""started"":3,""wait"":33.666666666666664,""unstarted"":2},{""node"":""N4"",""tasks"":11,""started"":9,""wait"":27.666666666666668,""unstarted"":2},{""node"":""N5"",""tasks"":5,""started"":2,""wait"":19.0,""unstarted"":3},{""node"":""N6"",""tasks"":7,""started"":2,""wait"":39.0,""unstarted"":5},{""node"":""N7"",""tasks"":5,""started"":4,""wait"":18.75,""unstarted"":1},{""node"":""N8"",""tasks"":3,""started"":1,""wait"":98.0,""unstarted"":2}]"
6,5,18,36,0.6842105263157895,29.952380952380953,24.142857142857142,2563,21,43,223,342,26,27,0,4.061745599945425,29,0,0.32862815167758586,0,"[{""node"":""N3"",""tasks"":5,""started"":3,""wait"":31.0,""unstarted"":2},{""node"":""N4"",""tasks"":11,""started"":9,""wait"":27.444444444444443,""unstarted"":2},{""node"":""N5"",""tasks"":5,""started"":2,""wait"":19.0,""unstarted"":3},{""node"":""N6"",""tasks"":7,""started"":2,""wait"":39.0,""unstarted"":5},{""node"":""N7"",""tasks"":5,""started"":4,""wait"":18.75,""unstarted"":1},{""node"":""N8"",""tasks"":3,""started"":1,""wait"":98.0,""unstarted"":2}]"
6,10,18,36,0.631578947368421,24.8,25.285714285714285,2196,20,45,134,332,12,34,0,4.379261599955498,29,0,0.16220511547057365,1,"[{""node"":""N3"",""tasks"":5,""started"":3,""wait"":31.0,""unstarted"":2},{""node"":""N4"",""tasks"":11,""started"":9,""wait"":29.11111111111111,""unstarted"":2},{""node"":""N5"",""tasks"":5,""started"":2,""wait"":19.5,""unstarted"":3},{""node"":""N6"",""tasks"":7,""started"":2,""wait"":13.5,""unstarted"":5},{""node"":""N7"",""tasks"":5,""started"":4,""wait"":18.75,""unstarted"":1},{""node"":""N8"",""tasks"":3,""started"":0,""wait"":null,""unstarted"":3}]"
6,20,19,36,0.631578947368421,23.476190476190474,23.5,2137,21,43,100,340,27,31,0,4.297156599990558,29,0,0.16738258201557707,1,"[{""node"":""N3"",""tasks"":5,""started"":3,""wait"":31.0,""unstarted"":2},{""node"":""N4"",""tasks"":11,""started"":9,""wait"":22.444444444444443,""unstarted"":2},{""node"":""N5"",""tasks"":5,""started"":3,""wait"":32.0,""unstarted"":2},{""node"":""N6"",""tasks"":7,""started"":2,""wait"":13.5,""unstarted"":5},{""node"":""N7"",""tasks"":5,""started"":4,""wait"":18.75,""unstarted"":1},{""node"":""N8"",""tasks"":3,""started"":0,""wait"":null,""unstarted"":3}]"
6,50,13,36,0.5789473684210527,41.111111111111114,39.93333333333333,3418,18,50,327,331,8,54,0,5.614606400005869,29,1,0.3377957830770647,1,"[{""node"":""N3"",""tasks"":5,""started"":5,""wait"":66.6,""unstarted"":0},{""node"":""N4"",""tasks"":11,""started"":8,""wait"":24.75,""unstarted"":3},{""node"":""N5"",""tasks"":5,""started"":1,""wait"":20.0,""unstarted"":4},{""node"":""N6"",""tasks"":7,""started"":1,""wait"":10.0,""unstarted"":6},{""node"":""N7"",""tasks"":5,""started"":3,""wait"":59.666666666666664,""unstarted"":2},{""node"":""N8"",""tasks"":3,""started"":0,""wait"":null,""unstarted"":3}]"
8,0,19,36,0.625,38.30434782608695,41.0,4119,23,35,331,301,23,13,0,3.82039019993681,29,0,0.22670157068062827,0,"[{""node"":""N3"",""tasks"":6,""started"":3,""wait"":15.0,""unstarted"":3},{""node"":""N4"",""tasks"":7,""started"":6,""wait"":32.0,""unstarted"":1},{""node"":""N5"",""tasks"":7,""started"":4,""wait"":29.5,""unstarted"":3},{""node"":""N6"",""tasks"":6,""started"":4,""wait"":44.75,""unstarted"":2},{""node"":""N7"",""tasks"":5,""started"":4,""wait"":56.0,""unstarted"":1},{""node"":""N8"",""tasks"":5,""started"":2,""wait"":61.5,""unstarted"":3}]"
8,1,18,36,0.625,34.5,34.611111111111114,3523,22,39,287,307,19,27,0,4.022370100021362,29,0,0.18629702537182852,0,"[{""node"":""N3"",""tasks"":6,""started"":5,""wait"":23.6,""unstarted"":1},{""node"":""N4"",""tasks"":7,""started"":6,""wait"":38.833333333333336,""unstarted"":1},{""node"":""N5"",""tasks"":7,""started"":3,""wait"":29.666666666666668,""unstarted"":4},{""node"":""N6"",""tasks"":6,""started"":5,""wait"":38.6,""unstarted"":1},{""node"":""N7"",""tasks"":5,""started"":1,""wait"":19.0,""unstarted"":4},{""node"":""N8"",""tasks"":5,""started"":2,""wait"":53.5,""unstarted"":3}]"
8,2,18,36,0.5833333333333334,35.34782608695652,34.9375,3557,23,38,274,297,24,20,0,4.277113900025142,29,0,0.1996291718170581,0,"[{""node"":""N3"",""tasks"":6,""started"":4,""wait"":23.0,""unstarted"":2},{""node"":""N4"",""tasks"":7,""started"":6,""wait"":28.5,""unstarted"":1},{""node"":""N5"",""tasks"":7,""started"":3,""wait"":36.0,""unstarted"":4},{""node"":""N6"",""tasks"":6,""started"":5,""wait"":40.0,""unstarted"":1},{""node"":""N7"",""tasks"":5,""started"":4,""wait"":55.75,""unstarted"":1},{""node"":""N8"",""tasks"":5,""started"":1,""wait"":19.0,""unstarted"":4}]"
8,5,19,36,0.7083333333333334,33.26086956521739,35.25,3705,23,36,253,323,28,23,0,4.244155400025193,29,0,0.15127678978568168,0,"[{""node"":""N3"",""tasks"":6,""started"":6,""wait"":29.166666666666668,""unstarted"":0},{""node"":""N4"",""tasks"":7,""started"":6,""wait"":38.5,""unstarted"":1},{""node"":""N5"",""tasks"":7,""started"":3,""wait"":28.666666666666668,""unstarted"":4},{""node"":""N6"",""tasks"":6,""started"":5,""wait"":31.6,""unstarted"":1},{""node"":""N7"",""tasks"":5,""started"":1,""wait"":19.0,""unstarted"":4},{""node"":""N8"",""tasks"":5,""started"":2,""wait"":48.0,""unstarted"":3}]"
8,10,20,36,0.75,35.68,37.45454545454545,4324,25,35,288,305,26,21,0,4.200498200021684,29,0,0.16791156259336718,0,"[{""node"":""N3"",""tasks"":6,""started"":5,""wait"":32.6,""unstarted"":1},{""node"":""N4"",""tasks"":7,""started"":6,""wait"":38.833333333333336,""unstarted"":1},{""node"":""N5"",""tasks"":7,""started"":5,""wait"":34.0,""unstarted"":2},{""node"":""N6"",""tasks"":6,""started"":5,""wait"":30.2,""unstarted"":1},{""node"":""N7"",""tasks"":5,""started"":2,""wait"":24.0,""unstarted"":3},{""node"":""N8"",""tasks"":5,""started"":2,""wait"":63.5,""unstarted"":3}]"
8,20,19,36,0.6666666666666666,33.869565217391305,33.5,3543,23,35,239,288,19,22,0,4.616039500004263,29,0,0.13078829177636672,0,"[{""node"":""N3"",""tasks"":6,""started"":5,""wait"":33.4,""unstarted"":1},{""node"":""N4"",""tasks"":7,""started"":6,""wait"":32.0,""unstarted"":1},{""node"":""N5"",""tasks"":7,""started"":4,""wait"":27.5,""unstarted"":3},{""node"":""N6"",""tasks"":6,""started"":3,""wait"":29.333333333333332,""unstarted"":3},{""node"":""N7"",""tasks"":5,""started"":2,""wait"":57.0,""unstarted"":3},{""node"":""N8"",""tasks"":5,""started"":3,""wait"":36.0,""unstarted"":2}]"
8,50,17,36,0.5,23.894736842105264,16.166666666666668,1750,19,41,131,268,2,27,0,5.225612700000056,29,0,0.435792349726776,0,"[{""node"":""N3"",""tasks"":6,""started"":4,""wait"":17.25,""unstarted"":2},{""node"":""N4"",""tasks"":7,""started"":3,""wait"":13.666666666666666,""unstarted"":4},{""node"":""N5"",""tasks"":7,""started"":3,""wait"":18.666666666666668,""unstarted"":4},{""node"":""N6"",""tasks"":6,""started"":4,""wait"":13.5,""unstarted"":2},{""node"":""N7"",""tasks"":5,""started"":1,""wait"":109.0,""unstarted"":4},{""node"":""N8"",""tasks"":5,""started"":4,""wait"":31.25,""unstarted"":1}]"
9,0,19,36,0.5833333333333334,26.73913043478261,26.11764705882353,2733,23,39,108,365,22,24,0,2.7800908999779494,32,0,0.154232424677188,0,"[{""node"":""N3"",""tasks"":5,""started"":3,""wait"":34.333333333333336,""unstarted"":2},{""node"":""N4"",""tasks"":6,""started"":4,""wait"":17.0,""unstarted"":2},{""node"":""N5"",""tasks"":8,""started"":5,""wait"":16.8,""unstarted"":3},{""node"":""N6"",""tasks"":4,""started"":2,""wait"":31.0,""unstarted"":2},{""node"":""N7"",""tasks"":7,""started"":6,""wait"":35.833333333333336,""unstarted"":1},{""node"":""N8"",""tasks"":6,""started"":3,""wait"":27.666666666666668,""unstarted"":3}]"
9,1,17,36,0.4583333333333333,30.0,30.8,2814,21,44,187,439,21,35,0,4.050836300011724,32,0,0.12317489903696802,0,"[{""node"":""N3"",""tasks"":5,""started"":4,""wait"":39.0,""unstarted"":1},{""node"":""N4"",""tasks"":6,""started"":3,""wait"":31.333333333333332,""unstarted"":3},{""node"":""N5"",""tasks"":8,""started"":3,""wait"":20.0,""unstarted"":5},{""node"":""N6"",""tasks"":4,""started"":3,""wait"":34.0,""unstarted"":1},{""node"":""N7"",""tasks"":7,""started"":4,""wait"":22.0,""unstarted"":3},{""node"":""N8"",""tasks"":6,""started"":4,""wait"":32.5,""unstarted"":2}]"
9,2,17,36,0.5,28.526315789473685,27.46153846153846,2340,19,45,155,338,16,35,0,4.653976999994484,32,0,0.0837051726987275,0,"[{""node"":""N3"",""tasks"":5,""started"":3,""wait"":29.333333333333332,""unstarted"":2},{""node"":""N4"",""tasks"":6,""started"":4,""wait"":30.75,""unstarted"":2},{""node"":""N5"",""tasks"":8,""started"":4,""wait"":25.0,""unstarted"":4},{""node"":""N6"",""tasks"":4,""started"":2,""wait"":31.0,""unstarted"":2},{""node"":""N7"",""tasks"":7,""started"":2,""wait"":19.5,""unstarted"":5},{""node"":""N8"",""tasks"":6,""started"":4,""wait"":32.5,""unstarted"":2}]"
9,5,16,36,0.4583333333333333,27.6,31.2,2592,20,46,84,348,18,45,0,4.498919599936926,32,0,0.17444739168877105,0,"[{""node"":""N3"",""tasks"":5,""started"":2,""wait"":8.5,""unstarted"":3},{""node"":""N4"",""tasks"":6,""started"":4,""wait"":28.5,""unstarted"":2},{""node"":""N5"",""tasks"":8,""started"":4,""wait"":25.25,""unstarted"":4},{""node"":""N6"",""tasks"":4,""started"":3,""wait"":34.0,""unstarted"":1},{""node"":""N7"",""tasks"":7,""started"":3,""wait"":25.333333333333332,""unstarted"":4},{""node"":""N8"",""tasks"":6,""started"":4,""wait"":35.5,""unstarted"":2}]"
9,10,16,36,0.5,25.944444444444443,28.153846153846153,2133,18,46,85,302,22,43,0,4.7172814999648836,32,0,0.1667429705085651,0,"[{""node"":""N3"",""tasks"":5,""started"":2,""wait"":8.5,""unstarted"":3},{""node"":""N4"",""tasks"":6,""started"":4,""wait"":28.75,""unstarted"":2},{""node"":""N5"",""tasks"":8,""started"":5,""wait"":30.2,""unstarted"":3},{""node"":""N6"",""tasks"":4,""started"":2,""wait"":31.0,""unstarted"":2},{""node"":""N7"",""tasks"":7,""started"":2,""wait"":19.5,""unstarted"":5},{""node"":""N8"",""tasks"":6,""started"":3,""wait"":27.666666666666668,""unstarted"":3}]"
9,20,16,36,0.5,29.05263157894737,29.571428571428573,2484,19,45,146,363,12,40,0,4.774488499999279,32,0,0.16291217760365653,0,"[{""node"":""N3"",""tasks"":5,""started"":4,""wait"":30.75,""unstarted"":1},{""node"":""N4"",""tasks"":6,""started"":4,""wait"":43.5,""unstarted"":2},{""node"":""N5"",""tasks"":8,""started"":4,""wait"":17.75,""unstarted"":4},{""node"":""N6"",""tasks"":4,""started"":2,""wait"":31.0,""unstarted"":2},{""node"":""N7"",""tasks"":7,""started"":2,""wait"":19.5,""unstarted"":5},{""node"":""N8"",""tasks"":6,""started"":3,""wait"":27.666666666666668,""unstarted"":3}]"
9,50,16,36,0.5,24.72222222222222,23.428571428571427,1991,18,44,85,324,7,25,0,5.085506200019154,32,0,0.25963718820861686,0,"[{""node"":""N3"",""tasks"":5,""started"":3,""wait"":11.666666666666666,""unstarted"":2},{""node"":""N4"",""tasks"":6,""started"":4,""wait"":28.0,""unstarted"":2},{""node"":""N5"",""tasks"":8,""started"":4,""wait"":18.0,""unstarted"":4},{""node"":""N6"",""tasks"":4,""started"":1,""wait"":21.0,""unstarted"":3},{""node"":""N7"",""tasks"":7,""started"":3,""wait"":50.666666666666664,""unstarted"":4},{""node"":""N8"",""tasks"":6,""started"":3,""wait"":17.666666666666668,""unstarted"":3}]"
7,0,17,36,0.47619047619047616,37.0,37.0,2923,19,45,216,277,39,46,0,4.992534300050465,29,0,0.24128142741281428,0,"[{""node"":""N3"",""tasks"":4,""started"":2,""wait"":19.0,""unstarted"":2},{""node"":""N4"",""tasks"":8,""started"":6,""wait"":50.0,""unstarted"":2},{""node"":""N5"",""tasks"":12,""started"":4,""wait"":16.0,""unstarted"":8},{""node"":""N6"",""tasks"":3,""started"":1,""wait"":45.0,""unstarted"":2},{""node"":""N7"",""tasks"":3,""started"":2,""wait"":23.0,""unstarted"":1},{""node"":""N8"",""tasks"":6,""started"":4,""wait"":52.5,""unstarted"":2}]"
7,1,17,36,0.47619047619047616,33.666666666666664,33.8,2494,18,46,148,279,49,37,0,5.399591599983978,29,0,0.22952239544667158,0,"[{""node"":""N3"",""tasks"":4,""started"":2,""wait"":19.0,""unstarted"":2},{""node"":""N4"",""tasks"":8,""started"":4,""wait"":47.0,""unstarted"":4},{""node"":""N5"",""tasks"":12,""started"":5,""wait"":16.8,""unstarted"":7},{""node"":""N6"",""tasks"":3,""started"":1,""wait"":45.0,""unstarted"":2},{""node"":""N7"",""tasks"":3,""started"":2,""wait"":23.0,""unstarted"":1},{""node"":""N8"",""tasks"":6,""started"":4,""wait"":51.25,""unstarted"":2}]"
7,2,16,36,0.47619047619047616,36.578947368421055,33.18181818181818,2815,19,47,199,253,26,34,0,6.20891859997937,29,0,0.2842676074741931,0,"[{""node"":""N3"",""tasks"":4,""started"":2,""wait"":14.5,""unstarted"":2},{""node"":""N4"",""tasks"":8,""started"":6,""wait"":31.333333333333332,""unstarted"":2},{""node"":""N5"",""tasks"":12,""started"":3,""wait"":15.333333333333334,""unstarted"":9},{""node"":""N6"",""tasks"":3,""started"":1,""wait"":45.0,""unstarted"":2},{""node"":""N7"",""tasks"":3,""started"":3,""wait"":38.666666666666664,""unstarted"":0},{""node"":""N8"",""tasks"":6,""started"":4,""wait"":67.75,""unstarted"":2}]"
7,5,17,36,0.5238095238095238,34.21052631578947,27.0,2544,19,47,171,283,35,44,0,5.946743199951015,29,0,0.22735841646374985,0,"[{""node"":""N3"",""tasks"":4,""started"":3,""wait"":16.666666666666668,""unstarted"":1},{""node"":""N4"",""tasks"":8,""started"":3,""wait"":25.666666666666668,""unstarted"":5},{""node"":""N5"",""tasks"":12,""started"":5,""wait"":24.6,""unstarted"":7},{""node"":""N6"",""tasks"":3,""started"":1,""wait"":47.0,""unstarted"":2},{""node"":""N7"",""tasks"":3,""started"":3,""wait"":40.0,""unstarted"":0},{""node"":""N8"",""tasks"":6,""started"":4,""wait"":58.25,""unstarted"":2}]"
7,10,18,36,0.47619047619047616,38.65,41.25,3309,20,44,249,300,30,39,0,5.495472099995823,29,0,0.22710404241219348,0,"[{""node"":""N3"",""tasks"":4,""started"":2,""wait"":19.0,""unstarted"":2},{""node"":""N4"",""tasks"":8,""started"":7,""wait"":54.0,""unstarted"":1},{""node"":""N5"",""tasks"":12,""started"":3,""wait"":15.333333333333334,""unstarted"":9},{""node"":""N6"",""tasks"":3,""started"":1,""wait"":47.0,""unstarted"":2},{""node"":""N7"",""tasks"":3,""started"":3,""wait"":33.0,""unstarted"":0},{""node"":""N8"",""tasks"":6,""started"":4,""wait"":41.25,""unstarted"":2}]"
7,20,16,36,0.42857142857142855,28.764705882352942,27.6,2019,17,48,115,305,24,53,0,5.397884499965585,29,0,0.2065972222222222,0,"[{""node"":""N3"",""tasks"":4,""started"":3,""wait"":21.0,""unstarted"":1},{""node"":""N4"",""tasks"":8,""started"":3,""wait"":41.0,""unstarted"":5},{""node"":""N5"",""tasks"":12,""started"":5,""wait"":17.0,""unstarted"":7},{""node"":""N6"",""tasks"":3,""started"":1,""wait"":49.0,""unstarted"":2},{""node"":""N7"",""tasks"":3,""started"":2,""wait"":23.0,""unstarted"":1},{""node"":""N8"",""tasks"":6,""started"":3,""wait"":41.0,""unstarted"":3}]"
7,50,12,36,0.38095238095238093,34.0,28.555555555555557,1942,14,56,121,228,2,40,0,5.523148100008257,29,0,0.29462592202318233,1,"[{""node"":""N3"",""tasks"":4,""started"":1,""wait"":7.0,""unstarted"":3},{""node"":""N4"",""tasks"":8,""started"":3,""wait"":42.0,""unstarted"":5},{""node"":""N5"",""tasks"":12,""started"":4,""wait"":15.5,""unstarted"":8},{""node"":""N6"",""tasks"":3,""started"":0,""wait"":null,""unstarted"":3},{""node"":""N7"",""tasks"":3,""started"":3,""wait"":52.0,""unstarted"":0},{""node"":""N8"",""tasks"":6,""started"":3,""wait"":41.666666666666664,""unstarted"":3}]"
11,0,14,36,0.43478260869565216,33.75,37.5,2520,16,50,172,318,44,39,0,6.276906200015219,31,0,0.23727742676622626,0,"[{""node"":""N3"",""tasks"":5,""started"":2,""wait"":34.5,""unstarted"":3},{""node"":""N4"",""tasks"":12,""started"":7,""wait"":23.428571428571427,""unstarted"":5},{""node"":""N5"",""tasks"":5,""started"":1,""wait"":18.0,""unstarted"":4},{""node"":""N6"",""tasks"":5,""started"":3,""wait"":49.333333333333336,""unstarted"":2},{""node"":""N7"",""tasks"":4,""started"":1,""wait"":23.0,""unstarted"":3},{""node"":""N8"",""tasks"":5,""started"":2,""wait"":59.0,""unstarted"":3}]"
11,1,14,36,0.391304347826087,28.666666666666668,29.9,1888,15,50,126,287,35,45,0,6.50653029998648,31,0,0.2892030848329049,0,"[{""node"":""N3"",""tasks"":5,""started"":2,""wait"":9.5,""unstarted"":3},{""node"":""N4"",""tasks"":12,""started"":7,""wait"":23.0,""unstarted"":5},{""node"":""N5"",""tasks"":5,""started"":1,""wait"":18.0,""unstarted"":4},{""node"":""N6"",""tasks"":5,""started"":1,""wait"":56.0,""unstarted"":4},{""node"":""N7"",""tasks"":4,""started"":2,""wait"":41.0,""unstarted"":2},{""node"":""N8"",""tasks"":5,""started"":2,""wait"":47.0,""unstarted"":3}]"
11,2,14,36,0.43478260869565216,36.4375,41.333333333333336,2741,16,51,271,276,42,57,0,5.97641940000176,31,1,0.278983508062044,0,"[{""node"":""N3"",""tasks"":5,""started"":3,""wait"":26.666666666666668,""unstarted"":2},{""node"":""N4"",""tasks"":12,""started"":8,""wait"":32.375,""unstarted"":4},{""node"":""N5"",""tasks"":5,""started"":1,""wait"":18.0,""unstarted"":4},{""node"":""N6"",""tasks"":5,""started"":2,""wait"":76.5,""unstarted"":3},{""node"":""N7"",""tasks"":4,""started"":1,""wait"":23.0,""unstarted"":3},{""node"":""N8"",""tasks"":5,""started"":1,""wait"":50.0,""unstarted"":4}]"
11,5,18,36,0.5652173913043478,26.095238095238095,28.6,2502,21,44,147,318,45,44,0,6.24983559998509,31,0,0.23002582073035777,1,"[{""node"":""N3"",""tasks"":5,""started"":3,""wait"":27.666666666666668,""unstarted"":2},{""node"":""N4"",""tasks"":12,""started"":9,""wait"":14.444444444444445,""unstarted"":3},{""node"":""N5"",""tasks"":5,""started"":2,""wait"":23.0,""unstarted"":3},{""node"":""N6"",""tasks"":5,""started"":3,""wait"":53.0,""unstarted"":2},{""node"":""N7"",""tasks"":4,""started"":4,""wait"":32.5,""unstarted"":0},{""node"":""N8"",""tasks"":5,""started"":0,""wait"":null,""unstarted"":5}]"
11,10,17,36,0.43478260869565216,36.65,35.083333333333336,3041,20,46,310,346,38,55,0,6.0695839999680175,31,0,0.21242920184857017,0,"[{""node"":""N3"",""tasks"":5,""started"":2,""wait"":34.5,""unstarted"":3},{""node"":""N4"",""tasks"":12,""started"":7,""wait"":23.571428571428573,""unstarted"":5},{""node"":""N5"",""tasks"":5,""started"":2,""wait"":19.0,""unstarted"":3},{""node"":""N6"",""tasks"":5,""started"":2,""wait"":52.0,""unstarted"":3},{""node"":""N7"",""tasks"":4,""started"":3,""wait"":40.333333333333336,""unstarted"":1},{""node"":""N8"",""tasks"":5,""started"":4,""wait"":59.0,""unstarted"":1}]"
11,20,17,36,0.5217391304347826,33.44444444444444,35.46153846153846,2728,18,44,203,290,24,57,0,6.58174219999637,31,0,0.2595429127157792,0,"[{""node"":""N3"",""tasks"":5,""started"":3,""wait"":29.666666666666668,""unstarted"":2},{""node"":""N4"",""tasks"":12,""started"":8,""wait"":23.0,""unstarted"":4},{""node"":""N5"",""tasks"":5,""started"":1,""wait"":18.0,""unstarted"":4},{""node"":""N6"",""tasks"":5,""started"":3,""wait"":61.333333333333336,""unstarted"":2},{""node"":""N7"",""tasks"":4,""started"":2,""wait"":30.5,""unstarted"":2},{""node"":""N8"",""tasks"":5,""started"":1,""wait"":66.0,""unstarted"":4}]"
11,50,13,36,0.391304347826087,36.92857142857143,35.111111111111114,2183,14,53,197,288,7,55,0,6.473691699982737,31,0,0.24565115185707567,0,"[{""node"":""N3"",""tasks"":5,""started"":3,""wait"":21.666666666666668,""unstarted"":2},{""node"":""N4"",""tasks"":12,""started"":6,""wait"":33.666666666666664,""unstarted"":6},{""node"":""N5"",""tasks"":5,""started"":1,""wait"":18.0,""unstarted"":4},{""node"":""N6"",""tasks"":5,""started"":1,""wait"":45.0,""unstarted"":4},{""node"":""N7"",""tasks"":4,""started"":2,""wait"":69.0,""unstarted"":2},{""node"":""N8"",""tasks"":5,""started"":1,""wait"":49.0,""unstarted"":4}]"
13,0,19,36,0.7272727272727273,25.956521739130434,24.88888888888889,2687,23,37,108,324,22,24,0,2.465012100059539,29,0,0.1293746414228342,0,"[{""node"":""N3"",""tasks"":4,""started"":4,""wait"":25.75,""unstarted"":0},{""node"":""N4"",""tasks"":9,""started"":7,""wait"":30.0,""unstarted"":2},{""node"":""N5"",""tasks"":4,""started"":2,""wait"":14.0,""unstarted"":2},{""node"":""N6"",""tasks"":6,""started"":3,""wait"":19.0,""unstarted"":3},{""node"":""N7"",""tasks"":5,""started"":3,""wait"":27.0,""unstarted"":2},{""node"":""N8"",""tasks"":8,""started"":4,""wait"":29.5,""unstarted"":4}]"
13,1,20,36,0.7727272727272727,25.956521739130434,24.88888888888889,2687,23,35,108,330,20,30,0,2.4870309000107227,29,0,0.11862197392923648,0,"[{""node"":""N3"",""tasks"":4,""started"":3,""wait"":28.333333333333332,""unstarted"":1},{""node"":""N4"",""tasks"":9,""started"":7,""wait"":30.0,""unstarted"":2},{""node"":""N5"",""tasks"":4,""started"":3,""wait"":15.333333333333334,""unstarted"":1},{""node"":""N6"",""tasks"":6,""started"":3,""wait"":19.0,""unstarted"":3},{""node"":""N7"",""tasks"":5,""started"":3,""wait"":27.0,""unstarted"":2},{""node"":""N8"",""tasks"":8,""started"":4,""wait"":29.5,""unstarted"":4}]"
13,2,20,36,0.7727272727272727,25.956521739130434,24.88888888888889,2687,23,35,108,330,23,28,0,2.4810623999801464,29,0,0.11862197392923648,0,"[{""node"":""N3"",""tasks"":4,""started"":3,""wait"":28.333333333333332,""unstarted"":1},{""node"":""N4"",""tasks"":9,""started"":7,""wait"":30.0,""unstarted"":2},{""node"":""N5"",""tasks"":4,""started"":3,""wait"":15.333333333333334,""unstarted"":1},{""node"":""N6"",""tasks"":6,""started"":3,""wait"":19.0,""unstarted"":3},{""node"":""N7"",""tasks"":5,""started"":3,""wait"":27.0,""unstarted"":2},{""node"":""N8"",""tasks"":8,""started"":4,""wait"":29.5,""unstarted"":4}]"
13,5,20,36,0.7272727272727273,24.136363636363637,23.941176470588236,2407,22,35,70,366,16,29,0,2.9176779999543214,29,0,0.18211569078365475,0,"[{""node"":""N3"",""tasks"":4,""started"":3,""wait"":28.333333333333332,""unstarted"":1},{""node"":""N4"",""tasks"":9,""started"":7,""wait"":26.428571428571427,""unstarted"":2},{""node"":""N5"",""tasks"":4,""started"":3,""wait"":15.333333333333334,""unstarted"":1},{""node"":""N6"",""tasks"":6,""started"":2,""wait"":8.0,""unstarted"":4},{""node"":""N7"",""tasks"":5,""started"":3,""wait"":27.0,""unstarted"":2},{""node"":""N8"",""tasks"":8,""started"":4,""wait"":29.5,""unstarted"":4}]"
13,10,20,36,0.7727272727272727,24.045454545454547,24.5,2469,22,35,78,342,9,24,0,3.0739424000057625,29,0,0.12705882352941175,0,"[{""node"":""N3"",""tasks"":4,""started"":3,""wait"":28.333333333333332,""unstarted"":1},{""node"":""N4"",""tasks"":9,""started"":6,""wait"":24.833333333333332,""unstarted"":3},{""node"":""N5"",""tasks"":4,""started"":3,""wait"":15.333333333333334,""unstarted"":1},{""node"":""N6"",""tasks"":6,""started"":3,""wait"":16.666666666666668,""unstarted"":3},{""node"":""N7"",""tasks"":5,""started"":3,""wait"":27.0,""unstarted"":2},{""node"":""N8"",""tasks"":8,""started"":4,""wait"":29.5,""unstarted"":4}]"
13,20,19,36,0.7727272727272727,22.428571428571427,23.05263157894737,2289,21,37,43,305,2,21,0,3.0004076999612153,29,0,0.14542089167873815,0,"[{""node"":""N3"",""tasks"":4,""started"":3,""wait"":23.666666666666668,""unstarted"":1},{""node"":""N4"",""tasks"":9,""started"":5,""wait"":17.4,""unstarted"":4},{""node"":""N5"",""tasks"":4,""started"":3,""wait"":15.0,""unstarted"":1},{""node"":""N6"",""tasks"":6,""started"":4,""wait"":22.0,""unstarted"":2},{""node"":""N7"",""tasks"":5,""started"":3,""wait"":27.0,""unstarted"":2},{""node"":""N8"",""tasks"":8,""started"":3,""wait"":33.0,""unstarted"":5}]"
13,50,18,36,0.6818181818181818,17.526315789473685,19.3125,1617,19,40,26,307,5,28,0,3.913477199981571,29,0,0.19109535066981875,0,"[{""node"":""N3"",""tasks"":4,""started"":2,""wait"":7.0,""unstarted"":2},{""node"":""N4"",""tasks"":9,""started"":4,""wait"":19.25,""unstarted"":5},{""node"":""N5"",""tasks"":4,""started"":3,""wait"":19.0,""unstarted"":1},{""node"":""N6"",""tasks"":6,""started"":4,""wait"":16.5,""unstarted"":2},{""node"":""N7"",""tasks"":5,""started"":2,""wait"":28.5,""unstarted"":3},{""node"":""N8"",""tasks"":8,""started"":4,""wait"":15.5,""unstarted"":4}]"
14,0,17,36,0.5714285714285714,29.42105263157895,29.357142857142858,2499,19,42,111,297,11,29,0,2.892354600087856,30,0,0.18356212601196764,0,"[{""node"":""N3"",""tasks"":8,""started"":3,""wait"":21.0,""unstarted"":5},{""node"":""N4"",""tasks"":5,""started"":5,""wait"":20.0,""unstarted"":0},{""node"":""N5"",""tasks"":6,""started"":3,""wait"":18.333333333333332,""unstarted"":3},{""node"":""N6"",""tasks"":3,""started"":1,""wait"":27.0,""unstarted"":2},{""node"":""N7"",""tasks"":5,""started"":1,""wait"":23.0,""unstarted"":4},{""node"":""N8"",""tasks"":9,""started"":6,""wait"":48.5,""unstarted"":3}]"
14,1,17,36,0.5714285714285714,30.27777777777778,25.25,2241,18,42,105,303,13,28,0,3.17717790005554,30,0,0.21364925070878907,0,"[{""node"":""N3"",""tasks"":8,""started"":3,""wait"":21.0,""unstarted"":5},{""node"":""N4"",""tasks"":5,""started"":5,""wait"":20.0,""unstarted"":0},{""node"":""N5"",""tasks"":6,""started"":3,""wait"":18.0,""unstarted"":3},{""node"":""N6"",""tasks"":3,""started"":1,""wait"":27.0,""unstarted"":2},{""node"":""N7"",""tasks"":5,""started"":1,""wait"":23.0,""unstarted"":4},{""node"":""N8"",""tasks"":9,""started"":5,""wait"":55.6,""unstarted"":4}]"
14,2,17,36,0.5714285714285714,29.0,26.846153846153847,2351,19,42,97,303,15,26,0,3.2809942999883788,30,0,0.1808813077469794,0,"[{""node"":""N3"",""tasks"":8,""started"":3,""wait"":21.0,""unstarted"":5},{""node"":""N4"",""tasks"":5,""started"":5,""wait"":20.0,""unstarted"":0},{""node"":""N5"",""tasks"":6,""started"":3,""wait"":18.0,""unstarted"":3},{""node"":""N6"",""tasks"":3,""started"":1,""wait"":27.0,""unstarted"":2},{""node"":""N7"",""tasks"":5,""started"":1,""wait"":23.0,""unstarted"":4},{""node"":""N8"",""tasks"":9,""started"":6,""wait"":47.333333333333336,""unstarted"":3}]"
14,5,17,36,0.5714285714285714,26.63157894736842,27.642857142857142,2292,19,41,67,340,16,27,0,3.2457341000117594,30,0,0.15756748559296332,0,"[{""node"":""N3"",""tasks"":8,""started"":5,""wait"":24.6,""unstarted"":3},{""node"":""N4"",""tasks"":5,""started"":5,""wait"":20.0,""unstarted"":0},{""node"":""N5"",""tasks"":6,""started"":4,""wait"":22.25,""unstarted"":2},{""node"":""N6"",""tasks"":3,""started"":1,""wait"":27.0,""unstarted"":2},{""node"":""N7"",""tasks"":5,""started"":1,""wait"":23.0,""unstarted"":4},{""node"":""N8"",""tasks"":9,""started"":3,""wait"":48.0,""unstarted"":6}]"
14,10,16,36,0.6190476190476191,25.944444444444443,27.2,2217,18,44,50,314,9,18,0,3.1009273000527173,30,0,0.13807982740021574,0,"[{""node"":""N3"",""tasks"":8,""started"":3,""wait"":21.0,""unstarted"":5},{""node"":""N4"",""tasks"":5,""started"":5,""wait"":20.0,""unstarted"":0},{""node"":""N5"",""tasks"":6,""started"":4,""wait"":21.75,""unstarted"":2},{""node"":""N6"",""tasks"":3,""started"":1,""wait"":27.0,""unstarted"":2},{""node"":""N7"",""tasks"":5,""started"":1,""wait"":23.0,""unstarted"":4},{""node"":""N8"",""tasks"":9,""started"":4,""wait"":41.75,""unstarted"":5}]"
14,20,17,36,0.5714285714285714,25.833333333333332,23.692307692307693,2011,18,42,75,312,8,26,0,3.6655550000286894,30,0,0.1793372319688109,0,"[{""node"":""N3"",""tasks"":8,""started"":5,""wait"":24.0,""unstarted"":3},{""node"":""N4"",""tasks"":5,""started"":5,""wait"":20.0,""unstarted"":0},{""node"":""N5"",""tasks"":6,""started"":3,""wait"":18.0,""unstarted"":3},{""node"":""N6"",""tasks"":3,""started"":1,""wait"":27.0,""unstarted"":2},{""node"":""N7"",""tasks"":5,""started"":2,""wait"":42.5,""unstarted"":3},{""node"":""N8"",""tasks"":9,""started"":2,""wait"":39.5,""unstarted"":7}]"
14,50,14,36,0.6190476190476191,18.857142857142858,19.615384615384617,1302,14,47,5,317,2,20,0,3.500622799998382,30,0,0.13202497769848354,1,"[{""node"":""N3"",""tasks"":8,""started"":4,""wait"":21.0,""unstarted"":4},{""node"":""N4"",""tasks"":5,""started"":4,""wait"":12.75,""unstarted"":1},{""node"":""N5"",""tasks"":6,""started"":2,""wait"":18.0,""unstarted"":4},{""node"":""N6"",""tasks"":3,""started"":1,""wait"":16.0,""unstarted"":2},{""node"":""N7"",""tasks"":5,""started"":0,""wait"":null,""unstarted"":5},{""node"":""N8"",""tasks"":9,""started"":3,""wait"":25.666666666666668,""unstarted"":6}]"
15,0,17,36,0.5909090909090909,30.8,32.92857142857143,2770,20,46,169,297,30,33,0,5.487812700012,30,0,0.2984718242597899,0,"[{""node"":""N3"",""tasks"":2,""started"":2,""wait"":4.5,""unstarted"":0},{""node"":""N4"",""tasks"":12,""started"":6,""wait"":35.833333333333336,""unstarted"":6},{""node"":""N5"",""tasks"":8,""started"":4,""wait"":29.5,""unstarted"":4},{""node"":""N6"",""tasks"":3,""started"":2,""wait"":40.0,""unstarted"":1},{""node"":""N7"",""tasks"":5,""started"":3,""wait"":14.333333333333334,""unstarted"":2},{""node"":""N8"",""tasks"":6,""started"":3,""wait"":50.333333333333336,""unstarted"":3}]"
15,1,17,36,0.5,35.13636363636363,36.57142857142857,3343,22,46,220,347,32,41,0,5.538981799996691,30,0,0.1994726514594064,0,"[{""node"":""N3"",""tasks"":2,""started"":2,""wait"":4.5,""unstarted"":0},{""node"":""N4"",""tasks"":12,""started"":7,""wait"":35.142857142857146,""unstarted"":5},{""node"":""N5"",""tasks"":8,""started"":4,""wait"":41.25,""unstarted"":4},{""node"":""N6"",""tasks"":3,""started"":2,""wait"":31.5,""unstarted"":1},{""node"":""N7"",""tasks"":5,""started"":4,""wait"":44.75,""unstarted"":1},{""node"":""N8"",""tasks"":6,""started"":3,""wait"":37.0,""unstarted"":3}]"
15,2,17,36,0.5,34.8421052631579,36.36363636363637,2786,19,44,227,314,28,51,0,4.839377600015723,30,1,0.27669225401256103,0,"[{""node"":""N3"",""tasks"":2,""started"":2,""wait"":4.5,""unstarted"":0},{""node"":""N4"",""tasks"":12,""started"":8,""wait"":42.625,""unstarted"":4},{""node"":""N5"",""tasks"":8,""started"":3,""wait"":22.0,""unstarted"":5},{""node"":""N6"",""tasks"":3,""started"":2,""wait"":40.0,""unstarted"":1},{""node"":""N7"",""tasks"":5,""started"":1,""wait"":22.0,""unstarted"":4},{""node"":""N8"",""tasks"":6,""started"":3,""wait"":48.0,""unstarted"":3}]"
15,5,17,36,0.5909090909090909,32.6,27.923076923076923,2682,20,46,266,312,28,40,0,4.8069364999828395,30,0,0.4208880550343965,0,"[{""node"":""N3"",""tasks"":2,""started"":2,""wait"":4.5,""unstarted"":0},{""node"":""N4"",""tasks"":12,""started"":6,""wait"":29.333333333333332,""unstarted"":6},{""node"":""N5"",""tasks"":8,""started"":3,""wait"":14.666666666666666,""unstarted"":5},{""node"":""N6"",""tasks"":3,""started"":2,""wait"":40.0,""unstarted"":1},{""node"":""N7"",""tasks"":5,""started"":3,""wait"":13.666666666666666,""unstarted"":2},{""node"":""N8"",""tasks"":6,""started"":4,""wait"":75.5,""unstarted"":2}]"
15,10,17,36,0.5909090909090909,34.6,37.642857142857146,3130,20,44,226,316,23,47,0,5.123115799986408,30,2,0.27028924459421516,0,"[{""node"":""N3"",""tasks"":2,""started"":2,""wait"":4.5,""unstarted"":0},{""node"":""N4"",""tasks"":12,""started"":6,""wait"":39.833333333333336,""unstarted"":6},{""node"":""N5"",""tasks"":8,""started"":4,""wait"":23.5,""unstarted"":4},{""node"":""N6"",""tasks"":3,""started"":2,""wait"":40.0,""unstarted"":1},{""node"":""N7"",""tasks"":5,""started"":3,""wait"":32.666666666666664,""unstarted"":2},{""node"":""N8"",""tasks"":6,""started"":3,""wait"":57.333333333333336,""unstarted"":3}]"
15,20,16,36,0.5454545454545454,29.88235294117647,32.5,2304,17,46,143,308,36,30,0,5.387499300049967,30,1,0.30369588848391843,0,"[{""node"":""N3"",""tasks"":2,""started"":2,""wait"":4.5,""unstarted"":0},{""node"":""N4"",""tasks"":12,""started"":5,""wait"":40.6,""unstarted"":7},{""node"":""N5"",""tasks"":8,""started"":3,""wait"":21.666666666666668,""unstarted"":5},{""node"":""N6"",""tasks"":3,""started"":2,""wait"":40.0,""unstarted"":1},{""node"":""N7"",""tasks"":5,""started"":3,""wait"":17.0,""unstarted"":2},{""node"":""N8"",""tasks"":6,""started"":2,""wait"":50.0,""unstarted"":4}]"
15,50,15,36,0.5909090909090909,30.352941176470587,32.857142857142854,2468,17,48,170,271,10,26,0,5.876119400069001,30,0,0.40657276995305164,0,"[{""node"":""N3"",""tasks"":2,""started"":2,""wait"":4.5,""unstarted"":0},{""node"":""N4"",""tasks"":12,""started"":5,""wait"":30.8,""unstarted"":7},{""node"":""N5"",""tasks"":8,""started"":5,""wait"":30.2,""unstarted"":3},{""node"":""N6"",""tasks"":3,""started"":2,""wait"":40.0,""unstarted"":1},{""node"":""N7"",""tasks"":5,""started"":2,""wait"":14.5,""unstarted"":3},{""node"":""N8"",""tasks"":6,""started"":1,""wait"":93.0,""unstarted"":5}]"
16,0,17,36,0.6,27.428571428571427,25.0,2428,21,42,132,382,28,22,0,3.7242110000224784,26,0,0.2616240995415849,0,"[{""node"":""N3"",""tasks"":1,""started"":1,""wait"":8.0,""unstarted"":0},{""node"":""N4"",""tasks"":5,""started"":3,""wait"":19.0,""unstarted"":2},{""node"":""N5"",""tasks"":8,""started"":7,""wait"":21.142857142857142,""unstarted"":1},{""node"":""N6"",""tasks"":9,""started"":6,""wait"":48.166666666666664,""unstarted"":3},{""node"":""N7"",""tasks"":5,""started"":2,""wait"":18.5,""unstarted"":3},{""node"":""N8"",""tasks"":8,""started"":2,""wait"":18.5,""unstarted"":6}]"
16,1,16,36,0.5,27.5,18.833333333333332,2102,20,45,130,366,25,27,0,3.9868446000182303,26,0,0.2583162581265335,0,"[{""node"":""N3"",""tasks"":1,""started"":1,""wait"":8.0,""unstarted"":0},{""node"":""N4"",""tasks"":5,""started"":3,""wait"":19.0,""unstarted"":2},{""node"":""N5"",""tasks"":8,""started"":7,""wait"":20.285714285714285,""unstarted"":1},{""node"":""N6"",""tasks"":9,""started"":4,""wait"":40.75,""unstarted"":5},{""node"":""N7"",""tasks"":5,""started"":2,""wait"":26.5,""unstarted"":3},{""node"":""N8"",""tasks"":8,""started"":3,""wait"":42.333333333333336,""unstarted"":5}]"
16,2,18,36,0.55,28.7,19.90909090909091,2160,20,41,135,358,23,31,0,4.2335666000290075,26,0,0.2576766555678875,0,"[{""node"":""N3"",""tasks"":1,""started"":1,""wait"":8.0,""unstarted"":0},{""node"":""N4"",""tasks"":5,""started"":3,""wait"":19.0,""unstarted"":2},{""node"":""N5"",""tasks"":8,""started"":6,""wait"":26.666666666666668,""unstarted"":2},{""node"":""N6"",""tasks"":9,""started"":4,""wait"":43.0,""unstarted"":5},{""node"":""N7"",""tasks"":5,""started"":2,""wait"":18.5,""unstarted"":3},{""node"":""N8"",""tasks"":8,""started"":4,""wait"":35.0,""unstarted"":4}]"
16,5,15,36,0.5,28.42105263157895,23.416666666666668,2182,19,46,103,359,23,33,0,4.314256500030751,26,0,0.2662706799795933,0,"[{""node"":""N3"",""tasks"":1,""started"":1,""wait"":8.0,""unstarted"":0},{""node"":""N4"",""tasks"":5,""started"":4,""wait"":26.25,""unstarted"":1},{""node"":""N5"",""tasks"":8,""started"":7,""wait"":21.428571428571427,""unstarted"":1},{""node"":""N6"",""tasks"":9,""started"":3,""wait"":30.666666666666668,""unstarted"":6},{""node"":""N7"",""tasks"":5,""started"":1,""wait"":23.0,""unstarted"":4},{""node"":""N8"",""tasks"":8,""started"":3,""wait"":54.0,""unstarted"":5}]"
16,10,16,36,0.5,30.38095238095238,26.071428571428573,2644,21,44,162,364,24,30,0,4.360375900025247,26,0,0.2704004054738976,0,"[{""node"":""N3"",""tasks"":1,""started"":1,""wait"":8.0,""unstarted"":0},{""node"":""N4"",""tasks"":5,""started"":4,""wait"":26.25,""unstarted"":1},{""node"":""N5"",""tasks"":8,""started"":6,""wait"":18.666666666666668,""unstarted"":2},{""node"":""N6"",""tasks"":9,""started"":3,""wait"":34.0,""unstarted"":6},{""node"":""N7"",""tasks"":5,""started"":2,""wait"":25.5,""unstarted"":3},{""node"":""N8"",""tasks"":8,""started"":5,""wait"":52.0,""unstarted"":3}]"
16,20,16,36,0.6,25.473684210526315,25.928571428571427,2178,19,44,56,384,32,22,0,4.4390472000377486,26,0,0.19431279620853084,0,"[{""node"":""N3"",""tasks"":1,""started"":1,""wait"":8.0,""unstarted"":0},{""node"":""N4"",""tasks"":5,""started"":3,""wait"":23.333333333333332,""unstarted"":2},{""node"":""N5"",""tasks"":8,""started"":5,""wait"":21.0,""unstarted"":3},{""node"":""N6"",""tasks"":9,""started"":5,""wait"":34.0,""unstarted"":4},{""node"":""N7"",""tasks"":5,""started"":3,""wait"":22.333333333333332,""unstarted"":2},{""node"":""N8"",""tasks"":8,""started"":2,""wait"":32.0,""unstarted"":6}]"
16,50,12,36,0.45,26.4,24.181818181818183,1720,15,50,64,266,2,40,0,5.133681799969054,26,0,0.21841124175509033,1,"[{""node"":""N3"",""tasks"":1,""started"":1,""wait"":8.0,""unstarted"":0},{""node"":""N4"",""tasks"":5,""started"":5,""wait"":37.4,""unstarted"":0},{""node"":""N5"",""tasks"":8,""started"":6,""wait"":21.333333333333332,""unstarted"":2},{""node"":""N6"",""tasks"":9,""started"":2,""wait"":23.5,""unstarted"":7},{""node"":""N7"",""tasks"":5,""started"":0,""wait"":null,""unstarted"":5},{""node"":""N8"",""tasks"":8,""started"":1,""wait"":26.0,""unstarted"":7}]"
12,0,17,36,0.4583333333333333,32.26315789473684,28.615384615384617,2583,19,47,202,307,27,55,0,6.63693200002308,30,1,0.14658656471873296,1,"[{""node"":""N3"",""tasks"":6,""started"":2,""wait"":32.5,""unstarted"":4},{""node"":""N4"",""tasks"":9,""started"":6,""wait"":41.166666666666664,""unstarted"":3},{""node"":""N5"",""tasks"":6,""started"":1,""wait"":20.0,""unstarted"":5},{""node"":""N6"",""tasks"":3,""started"":0,""wait"":null,""unstarted"":3},{""node"":""N7"",""tasks"":7,""started"":6,""wait"":22.666666666666668,""unstarted"":1},{""node"":""N8"",""tasks"":5,""started"":4,""wait"":36.25,""unstarted"":1}]"
12,1,15,36,0.375,34.8235294117647,36.0,2568,17,49,169,315,59,51,0,6.9046659000450745,30,1,0.13339600470035254,1,"[{""node"":""N3"",""tasks"":6,""started"":2,""wait"":26.5,""unstarted"":4},{""node"":""N4"",""tasks"":9,""started"":7,""wait"":42.714285714285715,""unstarted"":2},{""node"":""N5"",""tasks"":6,""started"":1,""wait"":20.0,""unstarted"":5},{""node"":""N6"",""tasks"":3,""started"":0,""wait"":null,""unstarted"":3},{""node"":""N7"",""tasks"":7,""started"":4,""wait"":31.75,""unstarted"":3},{""node"":""N8"",""tasks"":5,""started"":3,""wait"":31.0,""unstarted"":2}]"
12,2,16,36,0.4166666666666667,32.94444444444444,34.5,2607,18,49,189,316,54,45,0,6.895031200023368,30,0,0.08276745675848815,1,"[{""node"":""N3"",""tasks"":6,""started"":2,""wait"":26.5,""unstarted"":4},{""node"":""N4"",""tasks"":9,""started"":5,""wait"":35.4,""unstarted"":4},{""node"":""N5"",""tasks"":6,""started"":2,""wait"":25.5,""unstarted"":4},{""node"":""N6"",""tasks"":3,""started"":0,""wait"":null,""unstarted"":3},{""node"":""N7"",""tasks"":7,""started"":4,""wait"":31.5,""unstarted"":3},{""node"":""N8"",""tasks"":5,""started"":5,""wait"":37.2,""unstarted"":0}]"
12,5,16,36,0.4166666666666667,33.55555555555556,31.75,2574,18,49,214,348,37,56,0,6.941939699987415,30,2,0.16520763187429857,1,"[{""node"":""N3"",""tasks"":6,""started"":2,""wait"":38.5,""unstarted"":4},{""node"":""N4"",""tasks"":9,""started"":4,""wait"":48.5,""unstarted"":5},{""node"":""N5"",""tasks"":6,""started"":2,""wait"":41.0,""unstarted"":4},{""node"":""N6"",""tasks"":3,""started"":0,""wait"":null,""unstarted"":3},{""node"":""N7"",""tasks"":7,""started"":5,""wait"":14.2,""unstarted"":2},{""node"":""N8"",""tasks"":5,""started"":5,""wait"":36.0,""unstarted"":0}]"
12,10,13,36,0.375,31.75,33.083333333333336,2318,16,55,158,354,24,58,0,7.096553299983498,30,0,0.19064856711915534,1,"[{""node"":""N3"",""tasks"":6,""started"":4,""wait"":28.5,""unstarted"":2},{""node"":""N4"",""tasks"":9,""started"":4,""wait"":45.75,""unstarted"":5},{""node"":""N5"",""tasks"":6,""started"":2,""wait"":33.5,""unstarted"":4},{""node"":""N6"",""tasks"":3,""started"":0,""wait"":null,""unstarted"":3},{""node"":""N7"",""tasks"":7,""started"":4,""wait"":14.0,""unstarted"":3},{""node"":""N8"",""tasks"":5,""started"":2,""wait"":44.0,""unstarted"":3}]"
12,20,13,36,0.3333333333333333,29.333333333333332,27.3,1866,15,55,127,383,37,53,0,7.023869100026786,30,0,0.24791029561671765,1,"[{""node"":""N3"",""tasks"":6,""started"":2,""wait"":16.5,""unstarted"":4},{""node"":""N4"",""tasks"":9,""started"":4,""wait"":48.25,""unstarted"":5},{""node"":""N5"",""tasks"":6,""started"":2,""wait"":22.0,""unstarted"":4},{""node"":""N6"",""tasks"":3,""started"":0,""wait"":null,""unstarted"":3},{""node"":""N7"",""tasks"":7,""started"":5,""wait"":16.4,""unstarted"":2},{""node"":""N8"",""tasks"":5,""started"":2,""wait"":44.0,""unstarted"":3}]"
12,50,13,36,0.3333333333333333,32.375,26.90909090909091,2146,16,55,128,322,15,38,0,6.914773000040441,30,0,0.17172641208382086,1,"[{""node"":""N3"",""tasks"":6,""started"":3,""wait"":23.333333333333332,""unstarted"":3},{""node"":""N4"",""tasks"":9,""started"":5,""wait"":38.6,""unstarted"":4},{""node"":""N5"",""tasks"":6,""started"":2,""wait"":18.0,""unstarted"":4},{""node"":""N6"",""tasks"":3,""started"":0,""wait"":null,""unstarted"":3},{""node"":""N7"",""tasks"":7,""started"":4,""wait"":32.75,""unstarted"":3},{""node"":""N8"",""tasks"":5,""started"":2,""wait"":44.0,""unstarted"":3}]"
17,0,17,36,0.6111111111111112,34.0,33.46153846153846,3012,21,41,200,358,34,18,0,3.641106299968669,28,0,0.12171992725383214,0,"[{""node"":""N3"",""tasks"":4,""started"":4,""wait"":34.0,""unstarted"":0},{""node"":""N4"",""tasks"":7,""started"":4,""wait"":42.5,""unstarted"":3},{""node"":""N5"",""tasks"":8,""started"":5,""wait"":18.0,""unstarted"":3},{""node"":""N6"",""tasks"":6,""started"":2,""wait"":40.0,""unstarted"":4},{""node"":""N7"",""tasks"":3,""started"":3,""wait"":36.0,""unstarted"":0},{""node"":""N8"",""tasks"":8,""started"":3,""wait"":43.333333333333336,""unstarted"":5}]"
17,1,16,36,0.5555555555555556,33.05882352941177,30.0,2286,17,43,176,346,37,24,0,3.898433499969542,28,0,0.17243748282495192,0,"[{""node"":""N3"",""tasks"":4,""started"":2,""wait"":25.5,""unstarted"":2},{""node"":""N4"",""tasks"":7,""started"":3,""wait"":42.333333333333336,""unstarted"":4},{""node"":""N5"",""tasks"":8,""started"":6,""wait"":28.833333333333332,""unstarted"":2},{""node"":""N6"",""tasks"":6,""started"":2,""wait"":40.0,""unstarted"":4},{""node"":""N7"",""tasks"":3,""started"":2,""wait"":18.0,""unstarted"":1},{""node"":""N8"",""tasks"":8,""started"":2,""wait"":47.5,""unstarted"":6}]"
17,2,17,36,0.6666666666666666,33.0,34.285714285714285,2940,20,41,187,342,36,21,0,4.0085399000381585,28,0,0.15874641540352316,0,"[{""node"":""N3"",""tasks"":4,""started"":3,""wait"":38.0,""unstarted"":1},{""node"":""N4"",""tasks"":7,""started"":3,""wait"":42.333333333333336,""unstarted"":4},{""node"":""N5"",""tasks"":8,""started"":6,""wait"":21.333333333333332,""unstarted"":2},{""node"":""N6"",""tasks"":6,""started"":2,""wait"":40.0,""unstarted"":4},{""node"":""N7"",""tasks"":3,""started"":2,""wait"":18.0,""unstarted"":1},{""node"":""N8"",""tasks"":8,""started"":4,""wait"":43.75,""unstarted"":4}]"
17,5,20,36,0.7222222222222222,32.40909090909091,33.93333333333333,3157,22,36,196,350,42,25,0,3.9860784999473253,28,0,0.17705343720103864,0,"[{""node"":""N3"",""tasks"":4,""started"":3,""wait"":24.0,""unstarted"":1},{""node"":""N4"",""tasks"":7,""started"":4,""wait"":45.75,""unstarted"":3},{""node"":""N5"",""tasks"":8,""started"":6,""wait"":17.333333333333332,""unstarted"":2},{""node"":""N6"",""tasks"":6,""started"":2,""wait"":40.0,""unstarted"":4},{""node"":""N7"",""tasks"":3,""started"":3,""wait"":30.666666666666668,""unstarted"":0},{""node"":""N8"",""tasks"":8,""started"":4,""wait"":45.5,""unstarted"":4}]"
17,10,16,36,0.6111111111111112,31.36842105263158,34.214285714285715,2746,19,43,159,356,28,20,0,4.013091800035909,28,0,0.16779661016949152,0,"[{""node"":""N3"",""tasks"":4,""started"":3,""wait"":31.666666666666668,""unstarted"":1},{""node"":""N4"",""tasks"":7,""started"":3,""wait"":42.333333333333336,""unstarted"":4},{""node"":""N5"",""tasks"":8,""started"":6,""wait"":21.333333333333332,""unstarted"":2},{""node"":""N6"",""tasks"":6,""started"":2,""wait"":40.0,""unstarted"":4},{""node"":""N7"",""tasks"":3,""started"":2,""wait"":18.0,""unstarted"":1},{""node"":""N8"",""tasks"":8,""started"":3,""wait"":43.333333333333336,""unstarted"":5}]"
17,20,17,36,0.5555555555555556,31.25,37.30769230769231,2845,20,41,153,315,23,18,0,4.0968412999936845,28,0,0.2086668643146556,0,"[{""node"":""N3"",""tasks"":4,""started"":4,""wait"":24.75,""unstarted"":0},{""node"":""N4"",""tasks"":7,""started"":6,""wait"":41.0,""unstarted"":1},{""node"":""N5"",""tasks"":8,""started"":5,""wait"":29.4,""unstarted"":3},{""node"":""N6"",""tasks"":6,""started"":1,""wait"":14.0,""unstarted"":5},{""node"":""N7"",""tasks"":3,""started"":2,""wait"":18.0,""unstarted"":1},{""node"":""N8"",""tasks"":8,""started"":2,""wait"":41.5,""unstarted"":6}]"
17,50,13,36,0.6111111111111112,31.4,22.083333333333332,1943,15,47,120,286,0,12,0,3.974141300030169,28,0,0.34648166501486627,1,"[{""node"":""N3"",""tasks"":4,""started"":1,""wait"":10.0,""unstarted"":3},{""node"":""N4"",""tasks"":7,""started"":3,""wait"":25.333333333333332,""unstarted"":4},{""node"":""N5"",""tasks"":8,""started"":6,""wait"":19.333333333333332,""unstarted"":2},{""node"":""N6"",""tasks"":6,""started"":0,""wait"":null,""unstarted"":6},{""node"":""N7"",""tasks"":3,""started"":2,""wait"":71.5,""unstarted"":1},{""node"":""N8"",""tasks"":8,""started"":3,""wait"":42.0,""unstarted"":5}]"
18,0,19,36,0.5263157894736842,27.434782608695652,28.333333333333332,2573,23,40,94,367,15,22,0,2.5407260000210954,28,0,0.09935314331918331,0,"[{""node"":""N3"",""tasks"":7,""started"":6,""wait"":31.666666666666668,""unstarted"":1},{""node"":""N4"",""tasks"":7,""started"":4,""wait"":18.5,""unstarted"":3},{""node"":""N5"",""tasks"":6,""started"":5,""wait"":24.4,""unstarted"":1},{""node"":""N6"",""tasks"":7,""started"":3,""wait"":32.666666666666664,""unstarted"":4},{""node"":""N7"",""tasks"":5,""started"":3,""wait"":31.666666666666668,""unstarted"":2},{""node"":""N8"",""tasks"":4,""started"":2,""wait"":26.0,""unstarted"":2}]"
18,1,18,36,0.47368421052631576,29.636363636363637,32.81818181818182,2678,22,43,140,346,17,30,0,2.7347441000310937,28,0,0.16890595009596934,0,"[{""node"":""N3"",""tasks"":7,""started"":6,""wait"":31.666666666666668,""unstarted"":1},{""node"":""N4"",""tasks"":7,""started"":4,""wait"":18.5,""unstarted"":3},{""node"":""N5"",""tasks"":6,""started"":4,""wait"":22.5,""unstarted"":2},{""node"":""N6"",""tasks"":7,""started"":4,""wait"":48.0,""unstarted"":3},{""node"":""N7"",""tasks"":5,""started"":2,""wait"":27.0,""unstarted"":3},{""node"":""N8"",""tasks"":4,""started"":2,""wait"":26.0,""unstarted"":2}]"
18,2,19,36,0.5263157894736842,32.285714285714285,37.72727272727273,2864,21,39,183,347,11,30,0,2.6648714000039035,28,0,0.11826783114992724,0,"[{""node"":""N3"",""tasks"":7,""started"":6,""wait"":31.666666666666668,""unstarted"":1},{""node"":""N4"",""tasks"":7,""started"":5,""wait"":43.2,""unstarted"":2},{""node"":""N5"",""tasks"":6,""started"":3,""wait"":22.333333333333332,""unstarted"":3},{""node"":""N6"",""tasks"":7,""started"":3,""wait"":33.0,""unstarted"":4},{""node"":""N7"",""tasks"":5,""started"":2,""wait"":27.0,""unstarted"":3},{""node"":""N8"",""tasks"":4,""started"":2,""wait"":26.0,""unstarted"":2}]"
18,5,19,36,0.5263157894736842,32.142857142857146,37.45454545454545,2849,21,39,180,357,11,31,0,2.974715499978629,28,0,0.11591821832785687,0,"[{""node"":""N3"",""tasks"":7,""started"":6,""wait"":31.666666666666668,""unstarted"":1},{""node"":""N4"",""tasks"":7,""started"":5,""wait"":42.6,""unstarted"":2},{""node"":""N5"",""tasks"":6,""started"":3,""wait"":22.333333333333332,""unstarted"":3},{""node"":""N6"",""tasks"":7,""started"":3,""wait"":33.0,""unstarted"":4},{""node"":""N7"",""tasks"":5,""started"":2,""wait"":27.0,""unstarted"":3},{""node"":""N8"",""tasks"":4,""started"":2,""wait"":26.0,""unstarted"":2}]"
18,10,17,36,0.5263157894736842,30.772727272727273,29.166666666666668,2731,22,43,158,344,11,25,0,2.9175563000317197,28,0,0.18477814899478343,0,"[{""node"":""N3"",""tasks"":7,""started"":7,""wait"":25.857142857142858,""unstarted"":0},{""node"":""N4"",""tasks"":7,""started"":4,""wait"":31.5,""unstarted"":3},{""node"":""N5"",""tasks"":6,""started"":4,""wait"":25.25,""unstarted"":2},{""node"":""N6"",""tasks"":7,""started"":3,""wait"":28.0,""unstarted"":4},{""node"":""N7"",""tasks"":5,""started"":2,""wait"":66.5,""unstarted"":3},{""node"":""N8"",""tasks"":4,""started"":2,""wait"":26.0,""unstarted"":2}]"
18,20,15,36,0.5789473684210527,26.68421052631579,24.76923076923077,2165,19,45,71,320,13,41,0,3.8472260999697028,28,0,0.21557276803913572,1,"[{""node"":""N3"",""tasks"":7,""started"":5,""wait"":26.8,""unstarted"":2},{""node"":""N4"",""tasks"":7,""started"":5,""wait"":28.6,""unstarted"":2},{""node"":""N5"",""tasks"":6,""started"":4,""wait"":15.0,""unstarted"":2},{""node"":""N6"",""tasks"":7,""started"":1,""wait"":13.0,""unstarted"":6},{""node"":""N7"",""tasks"":5,""started"":4,""wait"":39.25,""unstarted"":1},{""node"":""N8"",""tasks"":4,""started"":0,""wait"":null,""unstarted"":4}]"
18,50,16,36,0.631578947368421,22.88235294117647,20.153846153846153,1691,17,43,84,281,3,19,0,3.376800199970603,28,0,0.36112531969309475,1,"[{""node"":""N3"",""tasks"":7,""started"":3,""wait"":13.0,""unstarted"":4},{""node"":""N4"",""tasks"":7,""started"":6,""wait"":11.0,""unstarted"":1},{""node"":""N5"",""tasks"":6,""started"":3,""wait"":12.666666666666666,""unstarted"":3},{""node"":""N6"",""tasks"":7,""started"":2,""wait"":35.0,""unstarted"":5},{""node"":""N7"",""tasks"":5,""started"":3,""wait"":58.666666666666664,""unstarted"":2},{""node"":""N8"",""tasks"":4,""started"":0,""wait"":null,""unstarted"":4}]"
19,0,13,36,0.4090909090909091,26.5,22.272727272727273,1762,16,55,106,316,15,36,0,4.558010799984913,30,0,0.20307382212144118,1,"[{""node"":""N3"",""tasks"":5,""started"":5,""wait"":23.8,""unstarted"":0},{""node"":""N4"",""tasks"":6,""started"":3,""wait"":25.666666666666668,""unstarted"":3},{""node"":""N5"",""tasks"":7,""started"":2,""wait"":20.5,""unstarted"":5},{""node"":""N6"",""tasks"":4,""started"":0,""wait"":null,""unstarted"":4},{""node"":""N7"",""tasks"":6,""started"":3,""wait"":15.666666666666666,""unstarted"":3},{""node"":""N8"",""tasks"":8,""started"":3,""wait"":46.666666666666664,""unstarted"":5}]"
19,1,14,36,0.36363636363636365,26.470588235294116,24.454545454545453,1888,17,54,91,289,28,34,0,4.782663600024534,30,0,0.10538461538461538,1,"[{""node"":""N3"",""tasks"":5,""started"":2,""wait"":20.5,""unstarted"":3},{""node"":""N4"",""tasks"":6,""started"":4,""wait"":32.0,""unstarted"":2},{""node"":""N5"",""tasks"":7,""started"":3,""wait"":29.0,""unstarted"":4},{""node"":""N6"",""tasks"":4,""started"":0,""wait"":null,""unstarted"":4},{""node"":""N7"",""tasks"":6,""started"":4,""wait"":19.25,""unstarted"":2},{""node"":""N8"",""tasks"":8,""started"":4,""wait"":29.25,""unstarted"":4}]"
19,2,15,36,0.4090909090909091,25.941176470588236,23.90909090909091,1849,17,51,76,301,12,41,0,4.816256799982511,30,0,0.1281708945260347,1,"[{""node"":""N3"",""tasks"":5,""started"":2,""wait"":15.5,""unstarted"":3},{""node"":""N4"",""tasks"":6,""started"":4,""wait"":31.0,""unstarted"":2},{""node"":""N5"",""tasks"":7,""started"":3,""wait"":27.333333333333332,""unstarted"":4},{""node"":""N6"",""tasks"":4,""started"":0,""wait"":null,""unstarted"":4},{""node"":""N7"",""tasks"":6,""started"":4,""wait"":21.0,""unstarted"":2},{""node"":""N8"",""tasks"":8,""started"":4,""wait"":30.0,""unstarted"":4}]"
19,5,15,36,0.36363636363636365,26.61111111111111,22.09090909090909,1923,18,52,70,329,20,45,0,4.29147070000181,30,0,0.1335753176043557,1,"[{""node"":""N3"",""tasks"":5,""started"":4,""wait"":22.75,""unstarted"":1},{""node"":""N4"",""tasks"":6,""started"":4,""wait"":18.75,""unstarted"":2},{""node"":""N5"",""tasks"":7,""started"":2,""wait"":36.0,""unstarted"":5},{""node"":""N6"",""tasks"":4,""started"":0,""wait"":null,""unstarted"":4},{""node"":""N7"",""tasks"":6,""started"":4,""wait"":26.0,""unstarted"":2},{""node"":""N8"",""tasks"":8,""started"":4,""wait"":34.25,""unstarted"":4}]"
19,10,15,36,0.4090909090909091,25.529411764705884,23.545454545454547,1820,17,51,76,301,13,33,0,4.735873300029198,30,0,0.12836831415030467,1,"[{""node"":""N3"",""tasks"":5,""started"":2,""wait"":15.5,""unstarted"":3},{""node"":""N4"",""tasks"":6,""started"":4,""wait"":30.75,""unstarted"":2},{""node"":""N5"",""tasks"":7,""started"":3,""wait"":27.333333333333332,""unstarted"":4},{""node"":""N6"",""tasks"":4,""started"":0,""wait"":null,""unstarted"":4},{""node"":""N7"",""tasks"":6,""started"":4,""wait"":20.25,""unstarted"":2},{""node"":""N8"",""tasks"":8,""started"":4,""wait"":29.25,""unstarted"":4}]"
19,20,14,36,0.4090909090909091,21.933333333333334,17.9,1345,15,53,49,291,11,44,0,4.880794800032163,30,0,0.17704918032786884,1,"[{""node"":""N3"",""tasks"":5,""started"":4,""wait"":22.75,""unstarted"":1},{""node"":""N4"",""tasks"":6,""started"":4,""wait"":18.5,""unstarted"":2},{""node"":""N5"",""tasks"":7,""started"":2,""wait"":21.0,""unstarted"":5},{""node"":""N6"",""tasks"":4,""started"":0,""wait"":null,""unstarted"":4},{""node"":""N7"",""tasks"":6,""started"":2,""wait"":11.5,""unstarted"":4},{""node"":""N8"",""tasks"":8,""started"":3,""wait"":33.0,""unstarted"":5}]"
19,50,11,36,0.36363636363636365,32.642857142857146,27.727272727272727,1981,14,60,174,320,4,33,0,4.7433479000173975,30,1,0.3025,1,"[{""node"":""N3"",""tasks"":5,""started"":4,""wait"":53.5,""unstarted"":1},{""node"":""N4"",""tasks"":6,""started"":3,""wait"":15.0,""unstarted"":3},{""node"":""N5"",""tasks"":7,""started"":1,""wait"":18.0,""unstarted"":6},{""node"":""N6"",""tasks"":4,""started"":0,""wait"":null,""unstarted"":4},{""node"":""N7"",""tasks"":6,""started"":2,""wait"":57.0,""unstarted"":4},{""node"":""N8"",""tasks"":8,""started"":4,""wait"":16.5,""unstarted"":4}]"
