seed,resource_scale,event_rate,method,completed,total_tasks,urgent_satisfaction,mean_response,p1_response,weighted_response,started_tasks,unmet,lateness,travel,reassignments,withdrawals,violations,solve_seconds,solver_calls,fallback_calls,region_gini,unserved_regions,region_waits
0,0.5,high,rolling_beta_0,18,36,0.5333333333333333,29.666666666666668,31.77777777777778,2441,21,46,93,215,16,43,0,3.0788569999858737,22,0,0.1721471235460547,1,"[{""node"":""N3"",""tasks"":3,""started"":3,""wait"":13.333333333333334,""unstarted"":0},{""node"":""N4"",""tasks"":9,""started"":8,""wait"":33.375,""unstarted"":1},{""node"":""N5"",""tasks"":9,""started"":1,""wait"":19.0,""unstarted"":8},{""node"":""N6"",""tasks"":3,""started"":0,""wait"":null,""unstarted"":3},{""node"":""N7"",""tasks"":6,""started"":6,""wait"":32.166666666666664,""unstarted"":0},{""node"":""N8"",""tasks"":6,""started"":3,""wait"":34.666666666666664,""unstarted"":3}]"
1,0.5,high,rolling_beta_0,14,36,0.4666666666666667,32.666666666666664,44.75,2186,15,55,130,202,35,22,0,2.928700700009358,22,11,0.23655723158828745,1,"[{""node"":""N3"",""tasks"":3,""started"":3,""wait"":14.333333333333334,""unstarted"":0},{""node"":""N4"",""tasks"":9,""started"":5,""wait"":51.6,""unstarted"":4},{""node"":""N5"",""tasks"":9,""started"":3,""wait"":33.333333333333336,""unstarted"":6},{""node"":""N6"",""tasks"":3,""started"":0,""wait"":null,""unstarted"":3},{""node"":""N7"",""tasks"":6,""started"":3,""wait"":19.0,""unstarted"":3},{""node"":""N8"",""tasks"":6,""started"":1,""wait"":32.0,""unstarted"":5}]"
2,0.5,high,rolling_beta_0,15,36,0.4666666666666667,29.941176470588236,34.375,2077,17,53,87,258,24,45,0,3.3741006000054767,22,2,0.22600934976625586,1,"[{""node"":""N3"",""tasks"":3,""started"":3,""wait"":13.0,""unstarted"":0},{""node"":""N4"",""tasks"":9,""started"":5,""wait"":25.2,""unstarted"":4},{""node"":""N5"",""tasks"":9,""started"":3,""wait"":49.666666666666664,""unstarted"":6},{""node"":""N6"",""tasks"":3,""started"":0,""wait"":null,""unstarted"":3},{""node"":""N7"",""tasks"":6,""started"":4,""wait"":28.5,""unstarted"":2},{""node"":""N8"",""tasks"":6,""started"":2,""wait"":40.5,""unstarted"":4}]"
3,0.5,high,rolling_beta_0,16,36,0.5333333333333333,32.64705882352941,41.333333333333336,2409,17,50,154,249,20,40,0,2.8484260000259383,22,3,0.25443037974683547,1,"[{""node"":""N3"",""tasks"":3,""started"":3,""wait"":11.0,""unstarted"":0},{""node"":""N4"",""tasks"":9,""started"":5,""wait"":27.0,""unstarted"":4},{""node"":""N5"",""tasks"":9,""started"":4,""wait"":59.25,""unstarted"":5},{""node"":""N6"",""tasks"":3,""started"":0,""wait"":null,""unstarted"":3},{""node"":""N7"",""tasks"":6,""started"":4,""wait"":29.75,""unstarted"":2},{""node"":""N8"",""tasks"":6,""started"":1,""wait"":31.0,""unstarted"":5}]"
4,0.5,high,rolling_beta_0,14,36,0.4,36.611111111111114,46.25,2717,18,56,221,223,16,31,0,3.1831689000246115,22,3,0.24362046016352915,1,"[{""node"":""N3"",""tasks"":3,""started"":3,""wait"":10.333333333333334,""unstarted"":0},{""node"":""N4"",""tasks"":9,""started"":5,""wait"":52.8,""unstarted"":4},{""node"":""N5"",""tasks"":9,""started"":3,""wait"":35.333333333333336,""unstarted"":6},{""node"":""N6"",""tasks"":3,""started"":0,""wait"":null,""unstarted"":3},{""node"":""N7"",""tasks"":6,""started"":4,""wait"":27.5,""unstarted"":2},{""node"":""N8"",""tasks"":6,""started"":3,""wait"":49.333333333333336,""unstarted"":3}]"
5,0.5,high,rolling_beta_0,16,36,0.4666666666666667,36.26315789473684,44.375,2777,19,51,190,245,16,33,0,3.0582624999660766,22,1,0.2256068911511355,1,"[{""node"":""N3"",""tasks"":3,""started"":3,""wait"":11.333333333333334,""unstarted"":0},{""node"":""N4"",""tasks"":9,""started"":5,""wait"":51.6,""unstarted"":4},{""node"":""N5"",""tasks"":9,""started"":3,""wait"":32.333333333333336,""unstarted"":6},{""node"":""N6"",""tasks"":3,""started"":0,""wait"":null,""unstarted"":3},{""node"":""N7"",""tasks"":6,""started"":4,""wait"":29.75,""unstarted"":2},{""node"":""N8"",""tasks"":6,""started"":4,""wait"":45.25,""unstarted"":2}]"
6,0.5,high,rolling_beta_0,13,36,0.4666666666666667,36.470588235294116,45.333333333333336,2676,17,57,178,216,19,41,0,3.2319619999761926,22,3,0.19288152120916627,1,"[{""node"":""N3"",""tasks"":3,""started"":3,""wait"":14.333333333333334,""unstarted"":0},{""node"":""N4"",""tasks"":9,""started"":6,""wait"":51.666666666666664,""unstarted"":3},{""node"":""N5"",""tasks"":9,""started"":3,""wait"":32.666666666666664,""unstarted"":6},{""node"":""N6"",""tasks"":3,""started"":0,""wait"":null,""unstarted"":3},{""node"":""N7"",""tasks"":6,""started"":4,""wait"":32.25,""unstarted"":2},{""node"":""N8"",""tasks"":6,""started"":1,""wait"":40.0,""unstarted"":5}]"
7,0.5,high,rolling_beta_0,14,36,0.4,33.64705882352941,40.0,2276,17,56,158,209,22,40,0,3.2487218999449397,22,2,0.25714285714285723,1,"[{""node"":""N3"",""tasks"":3,""started"":3,""wait"":10.0,""unstarted"":0},{""node"":""N4"",""tasks"":9,""started"":4,""wait"":36.5,""unstarted"":5},{""node"":""N5"",""tasks"":9,""started"":3,""wait"":44.666666666666664,""unstarted"":6},{""node"":""N6"",""tasks"":3,""started"":0,""wait"":null,""unstarted"":3},{""node"":""N7"",""tasks"":6,""started"":4,""wait"":24.5,""unstarted"":2},{""node"":""N8"",""tasks"":6,""started"":3,""wait"":54.666666666666664,""unstarted"":3}]"
8,0.5,high,rolling_beta_0,17,36,0.6,32.25,36.45454545454545,2737,20,47,166,232,28,29,0,2.614525400014827,22,0,0.25696316262354,1,"[{""node"":""N3"",""tasks"":3,""started"":3,""wait"":12.333333333333334,""unstarted"":0},{""node"":""N4"",""tasks"":9,""started"":8,""wait"":28.5,""unstarted"":1},{""node"":""N5"",""tasks"":9,""started"":3,""wait"":57.666666666666664,""unstarted"":6},{""node"":""N6"",""tasks"":3,""started"":0,""wait"":null,""unstarted"":3},{""node"":""N7"",""tasks"":6,""started"":5,""wait"":30.0,""unstarted"":1},{""node"":""N8"",""tasks"":6,""started"":1,""wait"":57.0,""unstarted"":5}]"
9,0.5,high,rolling_beta_0,14,36,0.4,32.875,41.875,2248,16,56,181,197,13,42,0,2.9987057000253117,22,6,0.25848670756646214,1,"[{""node"":""N3"",""tasks"":3,""started"":3,""wait"":11.0,""unstarted"":0},{""node"":""N4"",""tasks"":9,""started"":5,""wait"":44.0,""unstarted"":4},{""node"":""N5"",""tasks"":9,""started"":3,""wait"":38.333333333333336,""unstarted"":6},{""node"":""N6"",""tasks"":3,""started"":0,""wait"":null,""unstarted"":3},{""node"":""N7"",""tasks"":6,""started"":3,""wait"":18.666666666666668,""unstarted"":3},{""node"":""N8"",""tasks"":6,""started"":2,""wait"":51.0,""unstarted"":4}]"
10,0.5,high,rolling_beta_0,18,36,0.5333333333333333,33.90909090909091,36.8,2974,22,46,191,214,20,36,0,2.7668592000263743,22,0,0.22764407153897107,1,"[{""node"":""N3"",""tasks"":3,""started"":3,""wait"":11.666666666666666,""unstarted"":0},{""node"":""N4"",""tasks"":9,""started"":8,""wait"":40.75,""unstarted"":1},{""node"":""N5"",""tasks"":9,""started"":2,""wait"":21.0,""unstarted"":7},{""node"":""N6"",""tasks"":3,""started"":0,""wait"":null,""unstarted"":3},{""node"":""N7"",""tasks"":6,""started"":5,""wait"":32.8,""unstarted"":1},{""node"":""N8"",""tasks"":6,""started"":4,""wait"":44.75,""unstarted"":2}]"
11,0.5,high,rolling_beta_0,16,36,0.5333333333333333,27.444444444444443,35.0,2182,18,50,85,218,25,44,0,3.1142038000252796,22,2,0.2780939321220431,1,"[{""node"":""N3"",""tasks"":3,""started"":3,""wait"":11.666666666666666,""unstarted"":0},{""node"":""N4"",""tasks"":9,""started"":7,""wait"":25.571428571428573,""unstarted"":2},{""node"":""N5"",""tasks"":9,""started"":3,""wait"":57.0,""unstarted"":6},{""node"":""N6"",""tasks"":3,""started"":0,""wait"":null,""unstarted"":3},{""node"":""N7"",""tasks"":6,""started"":3,""wait"":19.666666666666668,""unstarted"":3},{""node"":""N8"",""tasks"":6,""started"":2,""wait"":25.0,""unstarted"":4}]"
12,0.5,high,rolling_beta_0,17,36,0.4666666666666667,36.476190476190474,41.333333333333336,3042,21,49,212,240,40,42,0,2.9000341999781085,22,0,0.25377558221594915,1,"[{""node"":""N3"",""tasks"":3,""started"":3,""wait"":10.0,""unstarted"":0},{""node"":""N4"",""tasks"":9,""started"":7,""wait"":45.857142857142854,""unstarted"":2},{""node"":""N5"",""tasks"":9,""started"":2,""wait"":25.5,""unstarted"":7},{""node"":""N6"",""tasks"":3,""started"":0,""wait"":null,""unstarted"":3},{""node"":""N7"",""tasks"":6,""started"":6,""wait"":34.0,""unstarted"":0},{""node"":""N8"",""tasks"":6,""started"":3,""wait"":53.333333333333336,""unstarted"":3}]"
13,0.5,high,rolling_beta_0,17,36,0.4,34.85,39.375,2721,20,50,203,212,8,33,0,2.6919813999702455,22,0,0.2428128231644261,1,"[{""node"":""N3"",""tasks"":3,""started"":3,""wait"":10.666666666666666,""unstarted"":0},{""node"":""N4"",""tasks"":9,""started"":6,""wait"":44.833333333333336,""unstarted"":3},{""node"":""N5"",""tasks"":9,""started"":2,""wait"":23.0,""unstarted"":7},{""node"":""N6"",""tasks"":3,""started"":0,""wait"":null,""unstarted"":3},{""node"":""N7"",""tasks"":6,""started"":6,""wait"":34.0,""unstarted"":0},{""node"":""N8"",""tasks"":6,""started"":3,""wait"":48.666666666666664,""unstarted"":3}]"
14,0.5,high,rolling_beta_0,18,36,0.5333333333333333,36.35,38.55555555555556,2875,20,46,179,223,20,30,0,2.789757999998983,22,0,0.25868028684930094,1,"[{""node"":""N3"",""tasks"":3,""started"":3,""wait"":12.666666666666666,""unstarted"":0},{""node"":""N4"",""tasks"":9,""started"":8,""wait"":41.125,""unstarted"":1},{""node"":""N5"",""tasks"":9,""started"":1,""wait"":18.0,""unstarted"":8},{""node"":""N6"",""tasks"":3,""started"":0,""wait"":null,""unstarted"":3},{""node"":""N7"",""tasks"":6,""started"":5,""wait"":36.4,""unstarted"":1},{""node"":""N8"",""tasks"":6,""started"":3,""wait"":53.333333333333336,""unstarted"":3}]"
15,0.5,high,rolling_beta_0,15,36,0.3333333333333333,34.888888888888886,43.857142857142854,2498,18,55,192,209,15,23,0,3.1086512999463594,22,0,0.3003343166175025,1,"[{""node"":""N3"",""tasks"":3,""started"":3,""wait"":10.333333333333334,""unstarted"":0},{""node"":""N4"",""tasks"":9,""started"":5,""wait"":50.8,""unstarted"":4},{""node"":""N5"",""tasks"":9,""started"":2,""wait"":26.5,""unstarted"":7},{""node"":""N6"",""tasks"":3,""started"":0,""wait"":null,""unstarted"":3},{""node"":""N7"",""tasks"":6,""started"":5,""wait"":22.2,""unstarted"":1},{""node"":""N8"",""tasks"":6,""started"":3,""wait"":59.666666666666664,""unstarted"":3}]"
16,0.5,high,rolling_beta_0,17,36,0.5333333333333333,34.4,38.7,2838,20,48,189,220,34,34,0,2.872170200018445,22,0,0.29316508937960045,1,"[{""node"":""N3"",""tasks"":3,""started"":3,""wait"":12.333333333333334,""unstarted"":0},{""node"":""N4"",""tasks"":9,""started"":8,""wait"":42.75,""unstarted"":1},{""node"":""N5"",""tasks"":9,""started"":2,""wait"":22.5,""unstarted"":7},{""node"":""N6"",""tasks"":3,""started"":0,""wait"":null,""unstarted"":3},{""node"":""N7"",""tasks"":6,""started"":4,""wait"":21.25,""unstarted"":2},{""node"":""N8"",""tasks"":6,""started"":3,""wait"":59.666666666666664,""unstarted"":3}]"
17,0.5,high,rolling_beta_0,17,36,0.5333333333333333,33.15,34.111111111111114,2603,20,48,151,224,33,40,0,2.8135076000762638,22,0,0.2827763496143959,1,"[{""node"":""N3"",""tasks"":3,""started"":3,""wait"":11.0,""unstarted"":0},{""node"":""N4"",""tasks"":9,""started"":8,""wait"":36.125,""unstarted"":1},{""node"":""N5"",""tasks"":9,""started"":1,""wait"":18.0,""unstarted"":8},{""node"":""N6"",""tasks"":3,""started"":0,""wait"":null,""unstarted"":3},{""node"":""N7"",""tasks"":6,""started"":4,""wait"":27.25,""unstarted"":2},{""node"":""N8"",""tasks"":6,""started"":4,""wait"":53.5,""unstarted"":2}]"
18,0.5,high,rolling_beta_0,16,36,0.4666666666666667,31.444444444444443,33.125,2228,18,51,108,250,17,31,0,2.57807230000617,22,0,0.18136283001147868,1,"[{""node"":""N3"",""tasks"":3,""started"":3,""wait"":12.666666666666666,""unstarted"":0},{""node"":""N4"",""tasks"":9,""started"":4,""wait"":35.0,""unstarted"":5},{""node"":""N5"",""tasks"":9,""started"":4,""wait"":31.25,""unstarted"":5},{""node"":""N6"",""tasks"":3,""started"":0,""wait"":null,""unstarted"":3},{""node"":""N7"",""tasks"":6,""started"":5,""wait"":33.8,""unstarted"":1},{""node"":""N8"",""tasks"":6,""started"":2,""wait"":47.0,""unstarted"":4}]"
19,0.5,high,rolling_beta_0,19,36,0.5333333333333333,34.34782608695652,41.9,3208,23,44,191,224,21,29,0,2.396045800021966,22,0,0.21989243239148545,1,"[{""node"":""N3"",""tasks"":3,""started"":3,""wait"":10.666666666666666,""unstarted"":0},{""node"":""N4"",""tasks"":9,""started"":7,""wait"":47.57142857142857,""unstarted"":2},{""node"":""N5"",""tasks"":9,""started"":3,""wait"":28.666666666666668,""unstarted"":6},{""node"":""N6"",""tasks"":3,""started"":0,""wait"":null,""unstarted"":3},{""node"":""N7"",""tasks"":6,""started"":6,""wait"":29.0,""unstarted"":0},{""node"":""N8"",""tasks"":6,""started"":4,""wait"":41.25,""unstarted"":2}]"
